cell_id,barcode,TRDV,trd_sequence,TRDJ,TRGV,trg_sequence,TRGJ,sample_id,cohort,dataset,trd_cdr3_valid,trg_cdr3_valid,cdr3_valid,trd_sequence_complete,trg_sequence_complete,sequence_complete
cell_1,ACATCTGTGTTCTTTG,NA,NA,NA,TRGV3*01,CATWDQSSDWIKTF,TRGJP2*01,SRR22007481,Bukhari,Bukhari,NA,True,True,False,True,True
cell_2,ACGATGTGTCGTTAGT,NA,NA,NA,TRGV9*01,CALWEVLWYKKLF,TRGJ1*02|TRGJ2*01,SRR22007481,Bukhari,Bukhari,NA,True,True,False,True,True
cell_3,ACGCCAGTGTATCTTA,NA,NA,NA,TRGV9*01,CALWPPYYKKLF,TRGJ1*02|TRGJ2*01,SRR22007481,Bukhari,Bukhari,NA,True,True,False,True,True
cell_4,ACGCCGATGTATCTTA,NA,NA,NA,TRGV9*01,CALWEATQELGKKIKVF,TRGJP*01,SRR22007481,Bukhari,Bukhari,NA,True,True,False,True,True
cell_5,ACTGCTCTTCTTTTCT,NA,NA,NA,TRGV4*01,CATWDGRSSDWIKTF,TRGJP2*01,SRR22007481,Bukhari,Bukhari,NA,True,True,False,True,True
cell_6,AGAGCGAGTGAGGCTA,NA,NA,NA,TRGV10*01,CAAWIYYKKLF,TRGJ1*01,SRR22007481,Bukhari,Bukhari,NA,True,True,False,True,True
cell_7,AGTAGTCTTCATGGTG,NA,NA,NA,TRGV4*01,CATWDVTYYKKLF,TRGJ1*02|TRGJ2*01,SRR22007481,Bukhari,Bukhari,NA,True,True,False,True,True
cell_8,AGTCCTGTCGGCTCAG,NA,NA,NA,TRGV2*01,CATWDVGGKLF,TRGJ1*02|TRGJ2*01,SRR22007481,Bukhari,Bukhari,NA,True,True,False,True,True
cell_9,AGTGAGGGTGGACGAT,NA,NA,NA,TRGV10*01,CAAWGDTTGWFKIF,TRGJP1*01,SRR22007481,Bukhari,Bukhari,NA,True,True,False,True,True
cell_10,AGTGGGATCTCAAACG,NA,NA,NA,TRGV9*01,CALWEVLWYKELF,TRGJ1*02|TRGJ2*01,SRR22007481,Bukhari,Bukhari,NA,True,True,False,True,True
cell_11,ANTGGGATCTCAAACG,NA,NA,NA,TRGV9*01,CALWEVLWYKKLF,TRGJ1*01,SRR22007481,Bukhari,Bukhari,NA,True,True,False,True,True
cell_12,ATAGACCGTCCGCTGA,NA,NA,NA,TRGV8*01,CATWGRPDKLF,TRGJ1*01,SRR22007481,Bukhari,Bukhari,NA,True,True,False,True,True
cell_13,ATCACGGCAGACGCAA,NA,NA,NA,TRGV10*02,CAAWDKAKLF,TRGJ1*02|TRGJ2*01,SRR22007481,Bukhari,Bukhari,NA,True,True,False,True,True
cell_14,ATCATGGTGTTCCCCT,NA,NA,NA,TRGV2*03,CATWDGLHYYKKLF,TRGJ1*01,SRR22007481,Bukhari,Bukhari,NA,True,True,False,True,True
cell_15,ATCCACCCAAGCGATG,TRDV2*01,CACDPISHGLGGTDKLIF,TRDJ1*01,NA,NA,NA,SRR22007481,Bukhari,Bukhari,True,NA,True,True,False,True
cell_16,ATGCGATGTATCTTAA,NA,NA,NA,TRGV9*01,CALWDETAPFYYKKLF,TRGJ1*01,SRR22007481,Bukhari,Bukhari,NA,True,True,False,True,True
cell_17,ATTACTCTCTTACCGC,NA,NA,NA,TRGV2*01,CATWDGPGRDWIKTF,TRGJP2*01,SRR22007481,Bukhari,Bukhari,NA,True,True,False,True,True
cell_18,CACCACTGTATCTTAA,NA,NA,NA,TRGV8*01,CATWDMGGFGNYYKKLF,TRGJ1*01,SRR22007481,Bukhari,Bukhari,NA,True,True,False,True,True
cell_19,CACCTTGGCAGTCCTT,NA,NA,NA,TRGV9*01,CALWESDYYKKLF,TRGJ1*02|TRGJ2*01,SRR22007481,Bukhari,Bukhari,NA,True,True,False,True,True
cell_20,CAGCCGAAGTCGAGTG,NA,NA,NA,TRGV9*01,CALWELVRQELGKKIKVF,TRGJP*01,SRR22007481,Bukhari,Bukhari,NA,True,True,False,True,True
cell_21,CATCAGACTTCCTTCG,NA,NA,NA,TRGV8*01,CATWDTYKKLF,TRGJ1*01,SRR22007481,Bukhari,Bukhari,NA,True,True,False,True,True
cell_22,CATGCCTGTGTCGTTA,NA,NA,NA,TRGV4*02,CATWVTDYYKKLF,TRGJ1*02|TRGJ2*01,SRR22007481,Bukhari,Bukhari,NA,True,True,False,True,True
cell_23,CCCTCCTGGGATCCCA,NA,NA,NA,TRGV9*01,CALWEAETQELGKKIKVF,TRGJP*01,SRR22007481,Bukhari,Bukhari,NA,True,True,False,True,True
cell_24,CCCTTCATGGTGTTCC,NA,NA,NA,TRGV4*01,CATWPYKKLF,TRGJ1*01,SRR22007481,Bukhari,Bukhari,NA,True,True,False,True,True
cell_25,CCGTGGACAGACAAAT,TRDV2*01,CACDTLRSTGGSGDKLIF,TRDJ1*01,NA,NA,NA,SRR22007481,Bukhari,Bukhari,True,NA,True,True,False,True
cell_26,CCTACCAATGTATCTT,NA,NA,NA,TRGV2*01,CATWDVGGKLF,TRGJ1*01,SRR22007481,Bukhari,Bukhari,NA,True,True,False,True,True
cell_27,CGCTTCATGGTGTTCC,NA,NA,NA,TRGV8*01,CATWDTTGWFKIF,TRGJP1*01,SRR22007481,Bukhari,Bukhari,NA,True,True,False,True,True
cell_28,CGTTCTGCACGGCGTT,NA,NA,NA,TRGV4*02,CATWDGPTTGWFKIF,TRGJP1*01,SRR22007481,Bukhari,Bukhari,NA,True,True,False,True,True
cell_29,CTACATTCACCTCGGA,NA,NA,NA,TRGV9*01,CALWEVHELGKKIKVF,TRGJP*01,SRR22007481,Bukhari,Bukhari,NA,True,True,False,True,True
cell_30,CTCTACGCAATGAAAC,NA,NA,NA,TRGV10*02,CAAWDPHYYKKLF,TRGJ1*02|TRGJ2*01,SRR22007481,Bukhari,Bukhari,NA,True,True,False,True,True
cell_31,CTGCCAATGTATCTTA,NA,NA,NA,TRGV10*01,CAAWPIGEVF,TRGJ1*02|TRGJ2*01,SRR22007481,Bukhari,Bukhari,NA,True,True,False,True,True
cell_32,CTGCGGACACCGAATT,TRDV1*01,CALGETMFLGSTDKLIF,TRDJ1*01,NA,NA,NA,SRR22007481,Bukhari,Bukhari,True,NA,True,True,False,True
cell_33,CTGCTGTATCTTAATA,NA,NA,NA,TRGV3*01,CATWEGRLAEKLF,TRGJ1*02|TRGJ2*01,SRR22007481,Bukhari,Bukhari,NA,True,True,False,True,True
cell_34,CTGGTCTTCTCTGGTC,NA,NA,NA,TRGV9*01,CALWEGELGKKIKVF,TRGJP*01,SRR22007481,Bukhari,Bukhari,NA,True,True,False,True,True
cell_35,CTGTTTAAGGCTACGA,TRDV2*01,CACDTLGRDDKLIF,TRDJ1*01,NA,NA,NA,SRR22007481,Bukhari,Bukhari,True,NA,True,True,False,True
cell_36,CTTGGCTATGTATCTT,NA,NA,NA,TRGV5*01,CATWDRPSYKKLF,TRGJ1*01,SRR22007481,Bukhari,Bukhari,NA,True,True,False,True,True
cell_37,GAATAAGAGTGATCGG,NA,NA,NA,TRGV3*01,CATWDRPHYKKLF,TRGJ1*01,SRR22007481,Bukhari,Bukhari,NA,True,True,False,True,True
cell_38,GACAGAGGTCTGGAGA,NA,NA,NA,TRGV9*01,CALWEVQWKLF,TRGJ1*01,SRR22007481,Bukhari,Bukhari,NA,True,True,False,True,True
cell_39,GATCAGTAGAAGATTC,NA,NA,NA,TRGV9*01,CALWESNYYKKLF,TRGJ1*02|TRGJ2*01,SRR22007481,Bukhari,Bukhari,NA,True,True,False,True,True
cell_40,GATCTAGTCTATCCCG,NA,NA,NA,TRGV3*01,CATWDRPSNYKKLF,TRGJ1*01,SRR22007481,Bukhari,Bukhari,NA,True,True,False,True,True
cell_41,GCGACCATCCACGTTC,NA,NA,NA,TRGV10*02,CAAWDNYKKLF,TRGJ1*01,SRR22007481,Bukhari,Bukhari,NA,True,True,False,True,True
cell_42,GCGCGATAGTGCGTGA,NA,NA,NA,TRGV9*01,CALWEVRELGKKIKVF,TRGJP*01,SRR22007481,Bukhari,Bukhari,NA,True,True,False,True,True
cell_43,GGCCGATGTATCTTAA,NA,NA,NA,TRGV9*01,CALWEVGELGKKIKVF,TRGJP*01,SRR22007481,Bukhari,Bukhari,NA,True,True,False,True,True
cell_44,GGCGACTAGAAACCGC,NA,NA,NA,TRGV10*02,CAAWGQIKKLF,TRGJ1*01,SRR22007481,Bukhari,Bukhari,NA,True,True,False,True,True
cell_45,GTATTCTTCTGTATTC,NA,NA,NA,TRGV10*02,CAAWDRYTTGWFKIF,TRGJP1*01,SRR22007481,Bukhari,Bukhari,NA,True,True,False,True,True
cell_46,GTCACATTTACCAAGC,TRDV2*01,CACDTLTGGYDHKELIF,TRDJ1*01,NA,NA,NA,SRR22007481,Bukhari,Bukhari,True,NA,True,True,False,True
cell_47,GTCTTCGCTTCAAAGT,TRDV2*01,CACDPWGTTDKLIF,TRDJ1*01,NA,NA,NA,SRR22007481,Bukhari,Bukhari,True,NA,True,True,False,True
cell_48,GTCTTCGTCTGGGTGT,NA,NA,NA,TRGV9*01,CALWEVQEELGKKIKVF,TRGJP*01,SRR22007481,Bukhari,Bukhari,NA,True,True,False,True,True
cell_49,GTGCCATGTTATCTAT,NA,NA,NA,TRGV3*01,CATWDSYYKKLF,TRGJ1*02|TRGJ2*01,SRR22007481,Bukhari,Bukhari,NA,True,True,False,True,True
cell_50,GTGGAGCAGTTCCAGC,NA,NA,NA,TRGV10*02,CAAWDSTYKKLF,TRGJ1*02|TRGJ2*01,SRR22007481,Bukhari,Bukhari,NA,True,True,False,True,True
cell_51,TACCTTATGTATCTTA,NA,NA,NA,TRGV2*01,CATWDGPLVNYYKKLF,TRGJ1*02|TRGJ2*01,SRR22007481,Bukhari,Bukhari,NA,True,True,False,True,True
cell_52,TACGGTACACAAGCCC,NA,NA,NA,TRGV2*01,CATWDGPSGWFKIF,TRGJP1*01,SRR22007481,Bukhari,Bukhari,NA,True,True,False,True,True
cell_53,TACTCATGTATCTTAA,NA,NA,NA,TRGV4*01,CATWVNYYKKLF,TRGJ1*01,SRR22007481,Bukhari,Bukhari,NA,True,True,False,True,True
cell_54,TACTTGTGTATCTTAA,NA,NA,NA,TRGV2*01,CATWDGPLVNYYKKLF,TRGJ1*01,SRR22007481,Bukhari,Bukhari,NA,True,True,False,True,True
cell_55,TACTTGTTCTTTCCTC,NA,NA,NA,TRGV10*02,CAAWDLKLF,TRGJ1*02|TRGJ2*01,SRR22007481,Bukhari,Bukhari,NA,True,True,False,True,True
cell_56,TCACGAAGTACAGCAG,NA,NA,NA,TRGV3*01,CATWESSDWIKTF,TRGJP2*01,SRR22007481,Bukhari,Bukhari,NA,True,True,False,True,True
cell_57,TCAGGTATCAACACGT,NA,NA,NA,TRGV4*01,CATWDGRNYKKLF,TRGJ1*01,SRR22007481,Bukhari,Bukhari,NA,True,True,False,True,True
cell_58,TCATTACCATCTCCCA,NA,NA,NA,TRGV2*01,CATWDGPTTGWFKIF,TRGJP1*01,SRR22007481,Bukhari,Bukhari,NA,True,True,False,True,True
cell_59,TCCCGATGTATCTTAA,NA,NA,NA,TRGV10*02,CAAWDNLRTGWFKIF,TRGJP1*01,SRR22007481,Bukhari,Bukhari,NA,True,True,False,True,True
cell_60,TCGAGGCTCCCTGACT,NA,NA,NA,TRGV9*01,CALWEVLYKKLF,TRGJ1*01,SRR22007481,Bukhari,Bukhari,NA,True,True,False,True,True
cell_61,TCTCATATCTGACGAT,NA,NA,NA,TRGV10*02,CAAWEKLF,TRGJ1*02|TRGJ2*01,SRR22007481,Bukhari,Bukhari,NA,True,True,False,True,True
cell_62,TCTTCGGGTGTGACGA,NA,NA,NA,TRGV9*01,CALWDTQELGKKIKVF,TRGJP*01,SRR22007481,Bukhari,Bukhari,NA,True,True,False,True,True
cell_63,TGACAATGTATCTTAA,NA,NA,NA,TRGV3*01,CATWANTGWFKIF,TRGJP1*01,SRR22007481,Bukhari,Bukhari,NA,True,True,False,True,True
cell_64,TGACTTTGTATCTTAA,NA,NA,NA,TRGV2*01,CATWDVPDSSDGIKTF,TRGJP2*01,SRR22007481,Bukhari,Bukhari,NA,True,True,False,True,True
cell_65,TGAGCCGGTTCCACGG,NA,NA,NA,TRGV10*01,CAAWNLKLF,TRGJ1*01,SRR22007481,Bukhari,Bukhari,NA,True,True,False,True,True
cell_66,TGCCAATGTATCTTAA,NA,NA,NA,TRGV9*01,CALWEVQMELGKKIKVF,TRGJP*01,SRR22007481,Bukhari,Bukhari,NA,True,True,False,True,True
cell_67,TGCCATAGTGCAAGCC,NA,NA,NA,TRGV8*01,CATWTPIPPYKKLF,TRGJ1*02|TRGJ2*01,SRR22007481,Bukhari,Bukhari,NA,True,True,False,True,True
cell_68,TGCCCATCATAGAAAC,NA,NA,NA,TRGV2*01,CATWDGQNYYKKLF,TRGJ1*01,SRR22007481,Bukhari,Bukhari,NA,True,True,False,True,True
cell_69,TGCCCATGTATCTTAA,NA,NA,NA,TRGV2*01,CATWDGQNYYKKLF,TRGJ1*02|TRGJ2*01,SRR22007481,Bukhari,Bukhari,NA,True,True,False,True,True
cell_70,TGCCCTATCACTCTTA,NA,NA,NA,TRGV10*01,CAAWKDKKLF,TRGJ1*02|TRGJ2*01,SRR22007481,Bukhari,Bukhari,NA,True,True,False,True,True
cell_71,TGCGCAGAGGTGCAAC,TRDV1*01,CALGESPFRLGLGTDKLIF,TRDJ1*01,NA,NA,NA,SRR22007481,Bukhari,Bukhari,True,NA,True,True,False,True
cell_72,TGCTAATGTATCTTAA,NA,NA,NA,TRGV8*01,CATFYYKKLF,TRGJ1*02|TRGJ2*01,SRR22007481,Bukhari,Bukhari,NA,True,True,False,True,True
cell_73,TGGCCAGAGGAGTCTG,NA,NA,NA,TRGV10*02,CAAWDSGKYYKKLF,TRGJ1*01,SRR22007481,Bukhari,Bukhari,NA,True,True,False,True,True
cell_74,TGTGTTTATTGGAGGA,NA,NA,NA,TRGV4*01,CATWDENYKKLF,TRGJ1*01,SRR22007481,Bukhari,Bukhari,NA,True,True,False,True,True
cell_75,TNCCCTATCACTCTTA,NA,NA,NA,TRGV10*01,CAAWKDKKLF,TRGJ1*01,SRR22007481,Bukhari,Bukhari,NA,True,True,False,True,True
cell_76,TTATGCTGTTCAGTAC,NA,NA,NA,TRGV9*01,CALWETQELGKKIKVF,TRGJP*01,SRR22007481,Bukhari,Bukhari,NA,True,True,False,True,True
cell_77,TTCCCAGTGTATCTTA,NA,NA,NA,TRGV9*01,CALWEPQELGKKIKVF,TRGJP*01,SRR22007481,Bukhari,Bukhari,NA,True,True,False,True,True
cell_78,TTTGCCAATGTATCTT,NA,NA,NA,TRGV3*01,CATWVKKLF,TRGJ1*02|TRGJ2*01,SRR22007481,Bukhari,Bukhari,NA,True,True,False,True,True
cell_79,AAGCCGCCATAGGATA,NA,NA,NA,TRGV10*02,CAAWDYKKLF,TRGJ1*02|TRGJ2*01,SRR22007482,Bukhari,Bukhari,NA,True,True,False,True,True
cell_80,ACATCTGTGTTCTTTG,NA,NA,NA,TRGV3*01,CATWDQSSDWIKTF,TRGJP2*01,SRR22007482,Bukhari,Bukhari,NA,True,True,False,True,True
cell_81,ACGCCAGTGTATCTTA,NA,NA,NA,TRGV9*01,CALWPPYYKKLF,TRGJ1*02|TRGJ2*01,SRR22007482,Bukhari,Bukhari,NA,True,True,False,True,True
cell_82,ACGCCGATGTATCTTA,NA,NA,NA,TRGV9*01,CALWEATQELGKKIKVF,TRGJP*01,SRR22007482,Bukhari,Bukhari,NA,True,True,False,True,True
cell_83,ACGGCCAATGTATCTT,NA,NA,NA,TRGV10*02,CAAWDYYYKKLF,TRGJ1*01,SRR22007482,Bukhari,Bukhari,NA,True,True,False,True,True
cell_84,ACGGGCTTGGGGGAAA,NA,NA,NA,TRGV4*01,CATWDRYKKLF,TRGJ1*01,SRR22007482,Bukhari,Bukhari,NA,True,True,False,True,True
cell_85,ACTGCTCCAGCCTGTG,NA,NA,NA,TRGV3*01,CATWEVEQRRDWIKTF,TRGJP2*01,SRR22007482,Bukhari,Bukhari,NA,True,True,False,True,True
cell_86,ACTGCTCTCCAGTATG,NA,NA,NA,TRGV9*01,CALWESNYYKKLF,TRGJ1*01,SRR22007482,Bukhari,Bukhari,NA,True,True,False,True,True
cell_87,ACTGCTCTTCTTTTCT,NA,NA,NA,TRGV8*01,CATWDGRSSDWIKTF,TRGJP2*01,SRR22007482,Bukhari,Bukhari,NA,True,True,False,True,True
cell_88,AGAGCGAGTGAGGCTA,NA,NA,NA,TRGV10*01,CAAWIYYKKLF,TRGJ1*01,SRR22007482,Bukhari,Bukhari,NA,True,True,False,True,True
cell_89,AGCCTAAAGCTGTTCA,NA,NA,NA,TRGV10*02,CAAWALQSYKKLF,TRGJ1*01,SRR22007482,Bukhari,Bukhari,NA,True,True,False,True,True
cell_90,AGCCTAAATTTCATGT,NA,NA,NA,TRGV2*03,CATWNTLSNYYKKLF,TRGJ1*02|TRGJ2*01,SRR22007482,Bukhari,Bukhari,NA,True,True,False,True,True
cell_91,AGTAGTCTTCATGGTG,NA,NA,NA,TRGV4*01,CATWDVTYYKKLF,TRGJ1*02|TRGJ2*01,SRR22007482,Bukhari,Bukhari,NA,True,True,False,True,True
cell_92,AGTCCTGTCGGCTCAG,NA,NA,NA,TRGV2*01,CATWDVGGKLF,TRGJ1*02|TRGJ2*01,SRR22007482,Bukhari,Bukhari,NA,True,True,False,True,True
cell_93,ATCACGATCACATACG,TRDV2*01,CACDFLRTGGRETDKLIF,TRDJ1*01,NA,NA,NA,SRR22007482,Bukhari,Bukhari,True,NA,True,True,False,True
cell_94,ATCATGGAGAGACTAT,NA,NA,NA,TRGV9*01,CALWEVLDYYKKLF,TRGJ1*02|TRGJ2*01,SRR22007482,Bukhari,Bukhari,NA,True,True,False,True,True
cell_95,ATCATGGTGTTCCCCT,NA,NA,NA,TRGV2*03,CATWDGLHYYKKLF,TRGJ1*02|TRGJ2*01,SRR22007482,Bukhari,Bukhari,NA,True,True,False,True,True
cell_96,ATCCGATGTATCTTAA,NA,NA,NA,TRGV4*01,CATWPYKKLF,TRGJ1*01,SRR22007482,Bukhari,Bukhari,NA,True,True,False,True,True
cell_97,ATGCGATGTATCTTAA,NA,NA,NA,TRGV9*01,CALWDETAPFYYKKLF,TRGJ1*01,SRR22007482,Bukhari,Bukhari,NA,True,True,False,True,True
cell_98,ATTACTCTCTTACCGC,NA,NA,NA,TRGV2*01,CATWDGPGRDWIKTF,TRGJP2*01,SRR22007482,Bukhari,Bukhari,NA,True,True,False,True,True
cell_99,CAAGTTGACAAAGGTA,NA,NA,NA,TRGV9*01,CALWEVHRELGKKIKVF,TRGJP*01,SRR22007482,Bukhari,Bukhari,NA,True,True,False,True,True
cell_100,CACACTCGTCCCTACT,NA,NA,NA,TRGV8*01,CATWDTTGWFKIF,TRGJP1*01,SRR22007482,Bukhari,Bukhari,NA,True,True,False,True,True
cell_101,CACCACTGTATCTAAA,NA,NA,NA,TRGV8*01,CATWDMGGFGNYYKKLF,TRGJ1*01,SRR22007482,Bukhari,Bukhari,NA,True,True,False,True,True
cell_102,CACCTTGGCAGTCCTT,NA,NA,NA,TRGV9*01,CALWESDYYKKLF,TRGJ1*02|TRGJ2*01,SRR22007482,Bukhari,Bukhari,NA,True,True,False,True,True
cell_103,CAGCTGGAGGGTTTCT,TRDV2*01,CACDTLGDRPYTDKLIF,TRDJ1*01,NA,NA,NA,SRR22007482,Bukhari,Bukhari,True,NA,True,True,False,True
cell_104,CATCAGACTTCCTTCG,NA,NA,NA,TRGV8*01,CATWDTYKKLF,TRGJ1*01,SRR22007482,Bukhari,Bukhari,NA,True,True,False,True,True
cell_105,CATGCCTGACGATACA,NA,NA,NA,TRGV4*01,CATWVTDYYKKLF,TRGJ1*01,SRR22007482,Bukhari,Bukhari,NA,True,True,False,True,True
cell_106,CATGCCTGTGTCGTTA,NA,NA,NA,TRGV4*01,CATWVTDYYKKLF,TRGJ1*02|TRGJ2*01,SRR22007482,Bukhari,Bukhari,NA,True,True,False,True,True
cell_107,CCCTCCTGGGATCCCA,NA,NA,NA,TRGV9*01,CALWEAETQELGKKIKVF,TRGJP*01,SRR22007482,Bukhari,Bukhari,NA,True,True,False,True,True
cell_108,CGCTTCATGGTGTTCC,NA,NA,NA,TRGV4*01,CATWPYKKLF,TRGJ1*02|TRGJ2*01,SRR22007482,Bukhari,Bukhari,NA,True,True,False,True,True
cell_109,CGTTCTGCACGGCGTT,NA,NA,NA,TRGV4*02,CATWDGPTTGWFKIF,TRGJP1*01,SRR22007482,Bukhari,Bukhari,NA,True,True,False,True,True
cell_110,CTACATTCACCTCGGA,NA,NA,NA,TRGV9*01,CALWEVHELGKKIKVF,TRGJP*01,SRR22007482,Bukhari,Bukhari,NA,True,True,False,True,True
cell_111,CTAGAGTTCGGAGGTA,NA,NA,NA,TRGV8*01,CATWDEYKKLF,TRGJ1*01,SRR22007482,Bukhari,Bukhari,NA,True,True,False,True,True
cell_112,CTCTAATCACAACCAG,NA,NA,NA,TRGV3*01,CATWVNYYKKLF,TRGJ1*02|TRGJ2*01,SRR22007482,Bukhari,Bukhari,NA,True,True,False,True,True
cell_113,CTCTACGCAATGAAAC,NA,NA,NA,TRGV10*02,CAAWDPHYYKKLF,TRGJ1*02|TRGJ2*01,SRR22007482,Bukhari,Bukhari,NA,True,True,False,True,True
cell_114,CTGCCAATGTATCTTA,NA,NA,NA,TRGV10*01,CAAWPIGEVF,TRGJ1*02|TRGJ2*01,SRR22007482,Bukhari,Bukhari,NA,True,True,False,True,True
cell_115,CTGCCTACAAACCCAT,TRDV2*01,CACDPLLGDTRTDKLIF,TRDJ1*01,NA,NA,NA,SRR22007482,Bukhari,Bukhari,True,NA,True,True,False,True
cell_116,CTGCTGTATCTTAATA,NA,NA,NA,TRGV2*01,CATWEGRLAEKLF,TRGJ1*02|TRGJ2*01,SRR22007482,Bukhari,Bukhari,NA,True,True,False,True,True
cell_117,CTGTTTAAGGCTACGA,TRDV2*01,CACDTLGRDDKLIF,TRDJ1*01,NA,NA,NA,SRR22007482,Bukhari,Bukhari,True,NA,True,True,False,True
cell_118,CTTGGCTATGTATCTT,NA,NA,NA,TRGV5*01,CATWDRPSYKKLF,TRGJ1*01,SRR22007482,Bukhari,Bukhari,NA,True,True,False,True,True
cell_119,GAATAAGAGTGATCGG,NA,NA,NA,TRGV3*01,CATWDRPHYKKLF,TRGJ1*01,SRR22007482,Bukhari,Bukhari,NA,True,True,False,True,True
cell_120,GCAGCCAGTTGAACTC,TRDV2*01,CACDTLGDRGSDKLIF,TRDJ1*01,NA,NA,NA,SRR22007482,Bukhari,Bukhari,True,NA,True,True,False,True
cell_121,GGCCGATGTATCTTAA,NA,NA,NA,TRGV9*01,CALLEVGELGKKIKVF,TRGJP*01,SRR22007482,Bukhari,Bukhari,NA,True,True,False,True,True
cell_122,GGCGACTAGAAACCGC,NA,NA,NA,TRGV10*02,CAAWGQIKKLF,TRGJ1*01,SRR22007482,Bukhari,Bukhari,NA,True,True,False,True,True
cell_123,GTCACATTTACCAAGC,TRDV2*01,CACDTLTGGYDHKELIF,TRDJ1*01,NA,NA,NA,SRR22007482,Bukhari,Bukhari,True,NA,True,True,False,True
cell_124,GTCACGGAGTTCGCGC,TRDV3*01,CAFTVRIAALIF,TRDJ1*01,NA,NA,NA,SRR22007482,Bukhari,Bukhari,True,NA,True,True,False,True
cell_125,GTCTTCGCACCCTATC,TRDV2*01,CDTAGLSSWDTRQMFF,TRDJ3*01,NA,NA,NA,SRR22007482,Bukhari,Bukhari,True,NA,True,True,False,True
cell_126,GTCTTCGCTTCAAAGT,TRDV2*01,CACDPWGTTDKLIF,TRDJ1*01,NA,NA,NA,SRR22007482,Bukhari,Bukhari,True,NA,True,True,False,True
cell_127,GTCTTCGTCCGGGTGT,TRDV2*02,CACDPWGTTDKLIF,TRDJ1*01,NA,NA,NA,SRR22007482,Bukhari,Bukhari,True,NA,True,True,False,True
cell_128,GTCTTCGTCTGGGTGT,NA,NA,NA,TRGV9*01,CALWEVQEELGKKIKVF,TRGJP*01,SRR22007482,Bukhari,Bukhari,NA,True,True,False,True,True
cell_129,GTGTTCTTTGTCCAGT,NA,NA,NA,TRGV3*01,CATWDSYYKKLF,TRGJ1*01,SRR22007482,Bukhari,Bukhari,NA,True,True,False,True,True
cell_130,TACCTTATGTATCTTA,NA,NA,NA,TRGV4*02,CATWDGRWYKKLF,TRGJ1*01,SRR22007482,Bukhari,Bukhari,NA,True,True,False,True,True
cell_131,TACTCATGTATCTTAA,NA,NA,NA,TRGV4*01,CATWVNYYKKLF,TRGJ1*01,SRR22007482,Bukhari,Bukhari,NA,True,True,False,True,True
cell_132,TACTTGTTCTTTCCTC,NA,NA,NA,TRGV10*02,CAAWDLKLF,TRGJ1*02|TRGJ2*01,SRR22007482,Bukhari,Bukhari,NA,True,True,False,True,True
cell_133,TCACGAAGTACAGCAG,NA,NA,NA,TRGV3*01,CATWESSDWIKTF,TRGJP2*01,SRR22007482,Bukhari,Bukhari,NA,True,True,False,True,True
cell_134,TCCACACTCAGGATCT,NA,NA,NA,TRGV4*01,CATWDGFYYYKKLF,TRGJ1*01,SRR22007482,Bukhari,Bukhari,NA,True,True,False,True,True
cell_135,TCTCATATATGACGAT,NA,NA,NA,TRGV10*02,CAAWEKLF,TRGJ1*02|TRGJ2*01,SRR22007482,Bukhari,Bukhari,NA,True,True,False,True,True
cell_136,TGAAAGAAGCTCCTCT,NA,NA,NA,TRGV9*01,CALWEVRGELGKKIKVF,TRGJP*01,SRR22007482,Bukhari,Bukhari,NA,True,True,False,True,True
cell_137,TGACAACGTATCTTAA,NA,NA,NA,TRGV10*02,CAAWDSGNYYKKLF,TRGJ1*01,SRR22007482,Bukhari,Bukhari,NA,True,True,False,True,True
cell_138,TGACTTTGTATCTTAA,NA,NA,NA,TRGV9*01,CALWEVQWKLF,TRGJ1*02|TRGJ2*01,SRR22007482,Bukhari,Bukhari,NA,True,True,False,True,True
cell_139,TGAGCATCAACGATGG,NA,NA,NA,TRGV9*01,CALWEVIELGKKIKVF,TRGJP*01,SRR22007482,Bukhari,Bukhari,NA,True,True,False,True,True
cell_140,TGCCAAAGTATCTTAA,NA,NA,NA,TRGV9*01,CALWEVQMELGKKIKVF,TRGJP*01,SRR22007482,Bukhari,Bukhari,NA,True,True,False,True,True
cell_141,TGCCCATGTATCTTAA,NA,NA,NA,TRGV2*01,CATWDGQNYYKKLF,TRGJ1*02|TRGJ2*01,SRR22007482,Bukhari,Bukhari,NA,True,True,False,True,True
cell_142,TGCCCTATCACTCTTA,NA,NA,NA,TRGV10*01,CAAWKDKKLF,TRGJ1*02|TRGJ2*01,SRR22007482,Bukhari,Bukhari,NA,True,True,False,True,True
cell_143,TGCCTATGTATCTTAA,NA,NA,NA,TRGV2*03,CATWDGPDWIKTF,TRGJP2*01,SRR22007482,Bukhari,Bukhari,NA,True,True,False,True,True
cell_144,TGCTAATGTATCTTAA,NA,NA,NA,TRGV8*01,CATFYYKKLF,TRGJ1*02|TRGJ2*01,SRR22007482,Bukhari,Bukhari,NA,True,True,False,True,True
cell_145,TTCCCAGTGTATCTTA,NA,NA,NA,TRGV9*01,CALWEPQELGKKIKVF,TRGJP*01,SRR22007482,Bukhari,Bukhari,NA,True,True,False,True,True
cell_146,TTCTCAAGAAGACAAA,NA,NA,NA,TRGV9*01,CALWEVRTELGKKIKVF,TRGJP*01,SRR22007482,Bukhari,Bukhari,NA,True,True,False,True,True
cell_147,TTGCGTCTCATGTCTT,NA,NA,NA,TRGV1*01,CATWVRYKKLF,TRGJ1*02|TRGJ2*01,SRR22007482,Bukhari,Bukhari,NA,True,True,False,True,True
cell_148,AACCATGCGATCTACC,NA,NA,NA,TRGV10*02,CAAWDSGNYYKKLF,TRGJ1*01,SRR22007483,Bukhari,Bukhari,NA,True,True,False,True,True
cell_149,ACGCCAATGTATCTTA,NA,NA,NA,TRGV2*03,CATWDDPLGDYYKKLF,TRGJ1*01,SRR22007483,Bukhari,Bukhari,NA,True,True,False,True,True
cell_150,ACTCATTCACTTATCC,NA,NA,NA,TRGV2*01,CATWDENSSDWIKTF,TRGJP2*01,SRR22007483,Bukhari,Bukhari,NA,True,True,False,True,True
cell_151,ACTTTCATCGCGCCAA,NA,NA,NA,TRGV2*01,CATWDAF,TRGJP2*01,SRR22007483,Bukhari,Bukhari,NA,True,True,False,True,True
cell_152,AGACAATGTATCTTAA,NA,NA,NA,TRGV9*01,CALWEVREDYYKKLF,TRGJ1*01,SRR22007483,Bukhari,Bukhari,NA,True,True,False,True,True
cell_153,AGCCTAATGTATCTTA,NA,NA,NA,TRGV2*01,CATWDVGGKLF,TRGJ1*02|TRGJ2*01,SRR22007483,Bukhari,Bukhari,NA,True,True,False,True,True
cell_154,AGTCTTTATTGGAGGA,NA,NA,NA,TRGV9*01,CALWEVRYKKLF,TRGJ1*02|TRGJ2*01,SRR22007483,Bukhari,Bukhari,NA,True,True,False,True,True
cell_155,ATAAGAGAGAAACCAT,NA,NA,NA,TRGV2*01,CATWDVGGKLF,TRGJ1*01,SRR22007483,Bukhari,Bukhari,NA,True,True,False,True,True
cell_156,ATCATGGTGTTCCCCT,NA,NA,NA,TRGV9*01,CALWEVSNYYKKLF,TRGJ1*02|TRGJ2*01,SRR22007483,Bukhari,Bukhari,NA,True,True,False,True,True
cell_157,CAACTAGAGCAGCCTC,NA,NA,NA,TRGV9*01,CALWVWVLGKKIMVF,TRGJP*01,SRR22007483,Bukhari,Bukhari,NA,True,True,False,True,True
cell_158,CAAGATCCACTGCCAG,TRDV2*01,CACDPPLLGDTQDKLIF,TRDJ1*01,NA,NA,NA,SRR22007483,Bukhari,Bukhari,True,NA,True,True,False,True
cell_159,CACATTTCATTGCGGC,NA,NA,NA,TRGV9*01,CALWESNYYKKLF,TRGJ1*02|TRGJ2*01,SRR22007483,Bukhari,Bukhari,NA,True,True,False,True,True
cell_160,CCAGCGACTCTTCTGG,NA,NA,NA,TRGV4*01,CATWPYKKLF,TRGJ1*02|TRGJ2*01,SRR22007483,Bukhari,Bukhari,NA,True,True,False,True,True
cell_161,CCGTACTTCACCTTAT,NA,NA,NA,TRGV2*01,CATWDGPRNYYKKLF,TRGJ1*01,SRR22007483,Bukhari,Bukhari,NA,True,True,False,True,True
cell_162,CCGTTCAGTGACAGAT,TRDV2*01,CACDVLGDTDKLIF,TRDJ1*01,NA,NA,NA,SRR22007483,Bukhari,Bukhari,True,NA,True,True,False,True
cell_163,CCTAGCTGTCTAGTGT,TRDV2*01,CACDTLGRDDKLIF,TRDJ1*01,NA,NA,NA,SRR22007483,Bukhari,Bukhari,True,NA,True,True,False,True
cell_164,CGAATGTGTGCCTTGG,NA,NA,NA,TRGV9*01,CALWEVQGYYKKLF,TRGJ1*02|TRGJ2*01,SRR22007483,Bukhari,Bukhari,NA,True,True,False,True,True
cell_165,CGAGCTAGATACACAG,NA,NA,NA,TRGV4*01,CATWPYKKLF,TRGJ1*01,SRR22007483,Bukhari,Bukhari,NA,True,True,False,True,True
cell_166,CGCGGTAGTGTTCGAT,NA,NA,NA,TRGV5*01,CATWDRLLGYYKKLF,TRGJ1*01,SRR22007483,Bukhari,Bukhari,NA,True,True,False,True,True
cell_167,CGCGGTATCTATCGCC,NA,NA,NA,TRGV9*01,CALWEDTQELGKKIKVF,TRGJP*01,SRR22007483,Bukhari,Bukhari,NA,True,True,False,True,True
cell_168,CGCTTCATGGTGTTCC,NA,NA,NA,TRGV3*01,CATWDQSSDWIKTF,TRGJP2*01,SRR22007483,Bukhari,Bukhari,NA,True,True,False,True,True
cell_169,CGTCTCCCATGCTAGG,NA,NA,NA,TRGV9*01,CALWEVTELGKKIKVF,TRGJP*01,SRR22007483,Bukhari,Bukhari,NA,True,True,False,True,True
cell_170,CGTGTCTGACGATACA,NA,NA,NA,TRGV10*02,CAAWDYQGVYYKKLF,TRGJ1*02|TRGJ2*01,SRR22007483,Bukhari,Bukhari,NA,True,True,False,True,True
cell_171,CTCTGGTACCGTTAAC,NA,NA,NA,TRGV2*03,CATWDGPKRNYYKKLF,TRGJ1*01,SRR22007483,Bukhari,Bukhari,NA,True,True,False,True,True
cell_172,GACCAATGTATCTTAA,NA,NA,NA,TRGV3*01,CATWVKKLF,TRGJ1*01,SRR22007483,Bukhari,Bukhari,NA,True,True,False,True,True
cell_173,GACGCGTTAACCAGCT,NA,NA,NA,TRGV10*02,CAAWDHTTGWFKIF,TRGJP1*01,SRR22007483,Bukhari,Bukhari,NA,True,True,False,True,True
cell_174,GACGGGCTAGCCACTA,TRDV2*01,CACDSLLGDTTTDKLIF,TRDJ1*01,NA,NA,NA,SRR22007483,Bukhari,Bukhari,True,NA,True,True,False,True
cell_175,GATCTAGCAATAACGA,NA,NA,NA,TRGV2*01,CATWDGSGPPVSDWIKTF,TRGJP2*01,SRR22007483,Bukhari,Bukhari,NA,True,True,False,True,True
cell_176,GATGAAATCTGTCTAT,NA,NA,NA,TRGV9*01,CALWEVRELGKKIKVF,TRGJP*01,SRR22007483,Bukhari,Bukhari,NA,True,True,False,True,True
cell_177,GATGTTTCAGATAAGC,NA,NA,NA,TRGV3*01,CATWDRPRSHKKLF,TRGJ1*02|TRGJ2*01,SRR22007483,Bukhari,Bukhari,NA,True,True,False,True,True
cell_178,GCAAACTAGTCTCCTC,NA,NA,NA,TRGV4*01,CATPAEKLF,TRGJ1*01,SRR22007483,Bukhari,Bukhari,NA,True,True,False,True,True
cell_179,GCCAATGTATCTTAAT,NA,NA,NA,TRGV3*01,CATWDGLYKKLF,TRGJ1*02|TRGJ2*01,SRR22007483,Bukhari,Bukhari,NA,True,True,False,True,True
cell_180,GCGCCAATGTATCTTA,NA,NA,NA,TRGV4*02,CATWVNYYKKLF,TRGJ1*01,SRR22007483,Bukhari,Bukhari,NA,True,True,False,True,True
cell_181,GCTTGTCAATGTATCT,NA,NA,NA,TRGV3*01,CATSHYYKKLF,TRGJ1*02|TRGJ2*01,SRR22007483,Bukhari,Bukhari,NA,True,True,False,True,True
cell_182,GGACATTGTATCTTAA,NA,NA,NA,TRGV8*01,CATWDTYKKLF,TRGJ1*01,SRR22007483,Bukhari,Bukhari,NA,True,True,False,True,True
cell_183,GGTATTGTTAACCAGC,NA,NA,NA,TRGV9*01,CALWEVQGAKKLF,TRGJ1*02|TRGJ2*01,SRR22007483,Bukhari,Bukhari,NA,True,True,False,True,True
cell_184,GTCTTCGCTTCAAAGT,TRDV1*01,CALGEPLPTVLLGPPKYTDKLIF,TRDJ1*01,NA,NA,NA,SRR22007483,Bukhari,Bukhari,True,NA,True,True,False,True
cell_185,GTCTTCGTGGTGTTCC,NA,NA,NA,TRGV3*01,CATWDPSRLGKKIKVF,TRGJP*01,SRR22007483,Bukhari,Bukhari,NA,True,True,False,True,True
cell_186,TACCTATGTATCTTAA,NA,NA,NA,TRGV10*02,CAAWVTGWFKIF,TRGJP1*01,SRR22007483,Bukhari,Bukhari,NA,True,True,False,True,True
cell_187,TACTCGCCAATGTATC,NA,NA,NA,TRGV4*01,CATWVNYYKKLF,TRGJ1*01,SRR22007483,Bukhari,Bukhari,NA,True,True,False,True,True
cell_188,TAGCCGGTGTATCTTA,NA,NA,NA,TRGV10*02,CAAWDGRRKKLF,TRGJ1*01,SRR22007483,Bukhari,Bukhari,NA,True,True,False,True,True
cell_189,TATCATGTTCTGTTTC,NA,NA,NA,TRGV3*01,CATWDRSGGYKKLF,TRGJ1*02|TRGJ2*01,SRR22007483,Bukhari,Bukhari,NA,True,True,False,True,True
cell_190,TCAGATGAGTGCGTGA,NA,NA,NA,TRGV2*01,CATWDGPTTGWFKIF,TRGJP1*01,SRR22007483,Bukhari,Bukhari,NA,True,True,False,True,True
cell_191,TCTTAAGTATCTGCAT,TRDV2*01,CACDTVGGKTDKLIF,TRDJ1*01,NA,NA,NA,SRR22007483,Bukhari,Bukhari,True,NA,True,True,False,True
cell_192,TGACAACGTATCTTAA,NA,NA,NA,TRGV2*03,CATWDGPLGKLF,TRGJ1*02|TRGJ2*01,SRR22007483,Bukhari,Bukhari,NA,True,True,False,True,True
cell_193,TGACTAGTCCATTCTA,NA,NA,NA,TRGV10*01,CAACYYKKLF,TRGJ1*01,SRR22007483,Bukhari,Bukhari,NA,True,True,False,True,True
cell_194,TGCCAAAGTATCTTAA,NA,NA,NA,TRGV2*03,CATWDQSSDWIKTF,TRGJP2*01,SRR22007483,Bukhari,Bukhari,NA,True,True,False,True,True
cell_195,TGCCAAATGTATCTTA,NA,NA,NA,TRGV9*01,CALWEVREDYYKKLF,TRGJ1*02|TRGJ2*01,SRR22007483,Bukhari,Bukhari,NA,True,True,False,True,True
cell_196,TGCCAGTGTATCTTAA,NA,NA,NA,TRGV3*01,CATWDGLYKKLF,TRGJ1*01,SRR22007483,Bukhari,Bukhari,NA,True,True,False,True,True
cell_197,TGCCCTAGGTATCTTA,NA,NA,NA,TRGV2*01,CATWDGRWYKKLF,TRGJ1*01,SRR22007483,Bukhari,Bukhari,NA,True,True,False,True,True
cell_198,TGCCGATGTATCTTAA,NA,NA,NA,TRGV3*01,CATFYYKKLF,TRGJ1*02|TRGJ2*01,SRR22007483,Bukhari,Bukhari,NA,True,True,False,True,True
cell_199,TTGCCTATGTATCTTA,NA,NA,NA,TRGV9*01,CALWEVHYKKLF,TRGJ1*02|TRGJ2*01,SRR22007483,Bukhari,Bukhari,NA,True,True,False,True,True
cell_200,TTGGCAATGAATCTTA,NA,NA,NA,TRGV2*01,CATWDGRWYKKLF,TRGJ1*02|TRGJ2*01,SRR22007483,Bukhari,Bukhari,NA,True,True,False,True,True
cell_201,TTTCCTCACCAGGCTG,NA,NA,NA,TRGV10*02,CAAWDYGSNYYKKLF,TRGJ1*01,SRR22007483,Bukhari,Bukhari,NA,True,True,False,True,True
cell_202,TTTGCCAATGTATCTT,NA,NA,NA,TRGV3*01,CATWDRPDYKKLF,TRGJ1*01,SRR22007483,Bukhari,Bukhari,NA,True,True,False,True,True
cell_203,AACCATGCGATCTACC,NA,NA,NA,TRGV10*02,CAAWDSGNYYKKLF,TRGJ1*01,SRR22007484,Bukhari,Bukhari,NA,True,True,False,True,True
cell_204,ACGATGTCACGTCTCT,NA,NA,NA,TRGV2*01,CATWDGLYKKLF,TRGJ1*02|TRGJ2*01,SRR22007484,Bukhari,Bukhari,NA,True,True,False,True,True
cell_205,ACGCCAATGTATCTTA,NA,NA,NA,TRGV2*03,CATWDDPLGDYYKKLF,TRGJ1*02|TRGJ2*01,SRR22007484,Bukhari,Bukhari,NA,True,True,False,True,True
cell_206,ACTCATTCACTTATCC,NA,NA,NA,TRGV2*01,CATWDENSSDWIKTF,TRGJP2*01,SRR22007484,Bukhari,Bukhari,NA,True,True,False,True,True
cell_207,ACTTTCATCGCGCCAA,NA,NA,NA,TRGV2*01,CATWDAF,TRGJP2*01,SRR22007484,Bukhari,Bukhari,NA,True,True,False,True,True
cell_208,AGCCTAATGTATCTTA,NA,NA,NA,TRGV5*01,CATWDVGGKLF,TRGJ1*02|TRGJ2*01,SRR22007484,Bukhari,Bukhari,NA,True,True,False,True,True
cell_209,AGCCTATGTATCTTAA,NA,NA,NA,TRGV2*01,CATWDVGGKLF,TRGJ1*02|TRGJ2*01,SRR22007484,Bukhari,Bukhari,NA,True,True,False,True,True
cell_210,AGCTTGACAGCATTGT,TRDV2*01,CACDTVGGKMGDTIHDKLIF,TRDJ1*01,NA,NA,NA,SRR22007484,Bukhari,Bukhari,True,NA,True,True,False,True
cell_211,AGGCCGTTAGTCTTCA,NA,NA,NA,TRGV9*01,CALWEVQELGKKIKVF,TRGJP*01,SRR22007484,Bukhari,Bukhari,NA,True,True,False,True,True
cell_212,AGTCTTTATTGGAGGA,NA,NA,NA,TRGV9*01,CALWEVRYKKLF,TRGJ1*02|TRGJ2*01,SRR22007484,Bukhari,Bukhari,NA,True,True,False,True,True
cell_213,ATAAGAGAGAAACCAT,NA,NA,NA,TRGV2*01,CATWDVGGKLF,TRGJ1*01,SRR22007484,Bukhari,Bukhari,NA,True,True,False,True,True
cell_214,ATCATGGTGTTCCCCT,NA,NA,NA,TRGV9*01,CALWEVSNYYKKLF,TRGJ1*02|TRGJ2*01,SRR22007484,Bukhari,Bukhari,NA,True,True,False,True,True
cell_215,CACATTTCATTGCGGC,NA,NA,NA,TRGV9*01,CALWESNYYKKLF,TRGJ1*02|TRGJ2*01,SRR22007484,Bukhari,Bukhari,NA,True,True,False,True,True
cell_216,CACCTTGCAAGGACAC,NA,NA,NA,TRGV4*01,CATWDGHYKKLF,TRGJ1*02|TRGJ2*01,SRR22007484,Bukhari,Bukhari,NA,True,True,False,True,True
cell_217,CATGACACAGGTCGTC,TRDV2*01,CACDTLGDKRDKLIF,TRDJ1*01,NA,NA,NA,SRR22007484,Bukhari,Bukhari,True,NA,True,True,False,True
cell_218,CCACTACCATGTGACA,NA,NA,NA,TRGV9*01,CALWEVRELGKKIKVF,TRGJP*01,SRR22007484,Bukhari,Bukhari,NA,True,True,False,True,True
cell_219,CCATTCGGTTATCCGA,NA,NA,NA,TRGV9*01,CALWEVQWKLF,TRGJ1*01,SRR22007484,Bukhari,Bukhari,NA,True,True,False,True,True
cell_220,CCCTCCTGGGATCCCA,NA,NA,NA,TRGV10*02,CAAWDFKHTTGWFKIF,TRGJP1*01,SRR22007484,Bukhari,Bukhari,NA,True,True,False,True,True
cell_221,CCGTTCAGTGCCAGAT,TRDV2*01,CACDVLGDTDKLIF,TRDJ1*01,NA,NA,NA,SRR22007484,Bukhari,Bukhari,True,NA,True,True,False,True
cell_222,CCTACCAATGTATCTT,NA,NA,NA,TRGV4*02,CATWERYKKLF,TRGJ1*01,SRR22007484,Bukhari,Bukhari,NA,True,True,False,True,True
cell_223,CCTAGCTGTCTAGTGT,TRDV2*01,CACDTLGRDDKLIF,TRDJ1*01,NA,NA,NA,SRR22007484,Bukhari,Bukhari,True,NA,True,True,False,True
cell_224,CGAATGTGTGCCTTGG,NA,NA,NA,TRGV9*01,CALWEVQGYYKKLF,TRGJ1*01,SRR22007484,Bukhari,Bukhari,NA,True,True,False,True,True
cell_225,CGCTTCATGGTGTTCC,NA,NA,NA,TRGV2*03,CATWDQSSDWIKTF,TRGJP2*01,SRR22007484,Bukhari,Bukhari,NA,True,True,False,True,True
cell_226,CGGGTCAGTCTACCTC,TRDV2*01,CACDALLGDTQADKLIF,TRDJ1*01,NA,NA,NA,SRR22007484,Bukhari,Bukhari,True,NA,True,True,False,True
cell_227,CGTCTCCCATGCTAGG,NA,NA,NA,TRGV9*01,CALWEVTELGKKIKVF,TRGJP*01,SRR22007484,Bukhari,Bukhari,NA,True,True,False,True,True
cell_228,CTCTGGTACCGTTAAC,NA,NA,NA,TRGV2*01,CATWDGPKRNYYKKLF,TRGJ1*01,SRR22007484,Bukhari,Bukhari,NA,True,True,False,True,True
cell_229,GAAGCAGAGCTCTCGG,TRDV2*02,CACDTAGRNTDKLIF,TRDJ1*01,NA,NA,NA,SRR22007484,Bukhari,Bukhari,True,NA,True,True,False,True
cell_230,GACAGAGGTTGTGGAG,NA,NA,NA,TRGV2*03,CATWGPVSGDWIKTF,TRGJP2*01,SRR22007484,Bukhari,Bukhari,NA,True,True,False,True,True
cell_231,GACCAATGTATCTTAA,NA,NA,NA,TRGV3*01,CATWVKKLF,TRGJ1*01,SRR22007484,Bukhari,Bukhari,NA,True,True,False,True,True
cell_232,GATCTAGCAATAACGA,NA,NA,NA,TRGV2*01,CATWDGSGPPVSDWIKTF,TRGJP2*01,SRR22007484,Bukhari,Bukhari,NA,True,True,False,True,True
cell_233,GATGTTTCAGATAAGC,NA,NA,NA,TRGV3*01,CATWDRPRSHKKLF,TRGJ1*02|TRGJ2*01,SRR22007484,Bukhari,Bukhari,NA,True,True,False,True,True
cell_234,GCAAACTAGTCTCCTC,NA,NA,NA,TRGV4*01,CATPAEKLF,TRGJ1*01,SRR22007484,Bukhari,Bukhari,NA,True,True,False,True,True
cell_235,GCAGTTAAGGAGTTGC,TRDV2*01,CACDPWGTTDKLIF,TRDJ1*01,NA,NA,NA,SRR22007484,Bukhari,Bukhari,True,NA,True,True,False,True
cell_236,GCCAATGTATCTTAAT,NA,NA,NA,TRGV2*01,CATWDGLYKKLF,TRGJ1*01,SRR22007484,Bukhari,Bukhari,NA,True,True,False,True,True
cell_237,GCTGCGACATGGTAGG,NA,NA,NA,TRGV8*01,CATWDTTGWFKIF,TRGJP1*01,SRR22007484,Bukhari,Bukhari,NA,True,True,False,True,True
cell_238,GCTTGTCAATGTATCT,NA,NA,NA,TRGV3*01,CATSHYYKKLF,TRGJ1*02|TRGJ2*01,SRR22007484,Bukhari,Bukhari,NA,True,True,False,True,True
cell_239,GGACATTGTATCTTAA,NA,NA,NA,TRGV8*01,CATWDTYKKLF,TRGJ1*01,SRR22007484,Bukhari,Bukhari,NA,True,True,False,True,True
cell_240,GGATGTTCATGGTCAT,TRDV2*01,CDTLGRDDKLIF,TRDJ1*01,NA,NA,NA,SRR22007484,Bukhari,Bukhari,True,NA,True,True,False,True
cell_241,GGTATTGTTAACCAGC,NA,NA,NA,TRGV9*01,CALWEVQGAKKLF,TRGJ1*02|TRGJ2*01,SRR22007484,Bukhari,Bukhari,NA,True,True,False,True,True
cell_242,GTCTTCGCTTCAAAGT,TRDV2*01,CACDSLLGDTTTDKLIF,TRDJ1*01,NA,NA,NA,SRR22007484,Bukhari,Bukhari,True,NA,True,True,False,True
cell_243,GTCTTCGTGGTGTTCC,NA,NA,NA,TRGV3*01,CATWDPSRLGKKIKVF,TRGJP*01,SRR22007484,Bukhari,Bukhari,NA,True,True,False,True,True
cell_244,TACCTATGTATCTTAA,NA,NA,NA,TRGV10*02,CAAWVTGWFKIF,TRGJP1*01,SRR22007484,Bukhari,Bukhari,NA,True,True,False,True,True
cell_245,TAGCCGGTGTATCTTA,NA,NA,NA,TRGV10*02,CAAWDGRRKKLF,TRGJ1*01,SRR22007484,Bukhari,Bukhari,NA,True,True,False,True,True
cell_246,TATCATGTTCTGTTTC,NA,NA,NA,TRGV3*01,CATWDRSGGYKKLF,TRGJ1*01,SRR22007484,Bukhari,Bukhari,NA,True,True,False,True,True
cell_247,TCAGATGAGTGCGTGA,NA,NA,NA,TRGV2*01,CATWDGPTTGWFKIF,TRGJP1*01,SRR22007484,Bukhari,Bukhari,NA,True,True,False,True,True
cell_248,TCCACACTCAGGATCT,NA,NA,NA,TRGV4*01,CATWDGFYYYKKLF,TRGJ1*01,SRR22007484,Bukhari,Bukhari,NA,True,True,False,True,True
cell_249,TCTATTGTATCTTAAT,NA,NA,NA,TRGV2*01,CATWDGPGRDWIKTF,TRGJP2*01,SRR22007484,Bukhari,Bukhari,NA,True,True,False,True,True
cell_250,TGACAACGTATCTTAA,NA,NA,NA,TRGV2*01,CATWDGPLGKLF,TRGJ1*02|TRGJ2*01,SRR22007484,Bukhari,Bukhari,NA,True,True,False,True,True
cell_251,TGCCAAAAGATGCGAC,NA,NA,NA,TRGV9*01,CALWEVREDYYKKLF,TRGJ1*01,SRR22007484,Bukhari,Bukhari,NA,True,True,False,True,True
cell_252,TGCCAAAGTATCTTAA,NA,NA,NA,TRGV9*01,CALWEVREDYYKKLF,TRGJ1*02|TRGJ2*01,SRR22007484,Bukhari,Bukhari,NA,True,True,False,True,True
cell_253,TGCCAAAGTCTAAACC,NA,NA,NA,TRGV4*01,CATWDGYYKKLF,TRGJ1*01,SRR22007484,Bukhari,Bukhari,NA,True,True,False,True,True
cell_254,TGCCCTATGTATCTTA,NA,NA,NA,TRGV8*01,CATWDRGYYKKLF,TRGJ1*02|TRGJ2*01,SRR22007484,Bukhari,Bukhari,NA,True,True,False,True,True
cell_255,TGCCGATGTATCTTAA,NA,NA,NA,TRGV3*01,CATFYYKKLF,TRGJ1*02|TRGJ2*01,SRR22007484,Bukhari,Bukhari,NA,True,True,False,True,True
cell_256,TTCCAATGTATCTTAA,NA,NA,NA,TRGV9*01,CALWEATQELGKKIKVF,TRGJP*01,SRR22007484,Bukhari,Bukhari,NA,True,True,False,True,True
cell_257,TTGAACGAGCGTGAAC,NA,NA,NA,TRGV3*01,CATPYTYYKKLF,TRGJ1*02|TRGJ2*01,SRR22007484,Bukhari,Bukhari,NA,True,True,False,True,True
cell_258,TTGCCTAGGTATCTTA,NA,NA,NA,TRGV9*01,CALWEVHYKKLF,TRGJ1*02|TRGJ2*01,SRR22007484,Bukhari,Bukhari,NA,True,True,False,True,True
cell_259,TTGGCAATGTATCTTA,NA,NA,NA,TRGV2*01,CATWDGRWYKKLF,TRGJ1*01,SRR22007484,Bukhari,Bukhari,NA,True,True,False,True,True
cell_260,TTTCCTCACCAGGCTG,NA,NA,NA,TRGV10*02,CAAWDYGSNYYKKLF,TRGJ1*01,SRR22007484,Bukhari,Bukhari,NA,True,True,False,True,True
cell_261,TTTCTCGCCAATGTAT,NA,NA,NA,TRGV2*01,CATWDGNYYKKLF,TRGJ1*01,SRR22007484,Bukhari,Bukhari,NA,True,True,False,True,True
cell_262,TTTGCCAATGTATCTT,NA,NA,NA,TRGV3*01,CATWDRPDYKKLF,TRGJ1*01,SRR22007484,Bukhari,Bukhari,NA,True,True,False,True,True
cell_263,AAAGATGAGGCGCTCT,NA,NA,NA,TRGV9*01,CALWEVQWKLF,TRGJ1*01,SRR22007485,Bukhari,Bukhari,NA,True,True,False,True,True
cell_264,ACAGCTAAATTTCATG,NA,NA,NA,TRGV10*01,CAAWNLGGKKLF,TRGJ1*02|TRGJ2*01,SRR22007485,Bukhari,Bukhari,NA,True,True,False,True,True
cell_265,ACATCAGCAACGATCT,NA,NA,NA,TRGV9*01,CALWELTYYKKLF,TRGJ1*02|TRGJ2*01,SRR22007485,Bukhari,Bukhari,NA,True,True,False,True,True
cell_266,ACCAAAATCATTCTTC,NA,NA,NA,TRGV10*02,CAAWDHPSKKLF,TRGJ1*02|TRGJ2*01,SRR22007485,Bukhari,Bukhari,NA,True,True,False,True,True
cell_267,ACGAGGATCCAAGCCG,NA,NA,NA,TRGV9*01,CALWEQELGKKIKVF,TRGJP*01,SRR22007485,Bukhari,Bukhari,NA,True,True,False,True,True
cell_268,ACGGCCAGTTCAGACT,NA,NA,NA,TRGV4*01,CATPYTYYKKLF,TRGJ1*01,SRR22007485,Bukhari,Bukhari,NA,True,True,False,True,True
cell_269,ACTGATGCACAGCCCA,TRDV2*01,CACDTVGDHTDKLIF,TRDJ1*01,NA,NA,NA,SRR22007485,Bukhari,Bukhari,True,NA,True,True,False,True
cell_270,AGTGAGGTCATCATTC,NA,NA,NA,TRGV9*01,CALWEVQISYKKLF,TRGJ1*01,SRR22007485,Bukhari,Bukhari,NA,True,True,False,True,True
cell_271,ATTACTCAGGGAGTAA,TRDV2*01,CACDTVGDTDKLIF,TRDJ1*01,NA,NA,NA,SRR22007485,Bukhari,Bukhari,True,NA,True,True,False,True
cell_272,CAACCTCCTGGGATCC,NA,NA,NA,TRGV2*01,CATWDVGGKLF,TRGJ1*02|TRGJ2*01,SRR22007485,Bukhari,Bukhari,NA,True,True,False,True,True
cell_273,CCATGTCCATCGACGC,NA,NA,NA,TRGV9*01,CALWEVEELGKKIKVF,TRGJP*01,SRR22007485,Bukhari,Bukhari,NA,True,True,False,True,True
cell_274,CCTGCTGTCATACTGG,NA,NA,NA,TRGV9*01,CALWESDYYKKLF,TRGJ1*01,SRR22007485,Bukhari,Bukhari,NA,True,True,False,True,True
cell_275,CGGAGTCTCCAGAAGG,NA,NA,NA,TRGV4*01,CATWDGPKLF,TRGJ1*02|TRGJ2*01,SRR22007485,Bukhari,Bukhari,NA,True,True,False,True,True
cell_276,CGTCAGGAGAGCTTCT,TRDV2*01,CACDTVLRRTGGEYTDKLIF,TRDJ1*01,NA,NA,NA,SRR22007485,Bukhari,Bukhari,True,NA,True,True,False,True
cell_277,CTACATTAGGCGCTCT,NA,NA,NA,TRGV9*01,CALWEVLWYKKLF,TRGJ1*01,SRR22007485,Bukhari,Bukhari,NA,True,True,False,True,True
cell_278,CTCTGGTTCAAGAAGT,TRDV2*01,CACDPLGPYTDNLIF,TRDJ1*01,NA,NA,NA,SRR22007485,Bukhari,Bukhari,True,NA,True,True,False,True
cell_279,CTGAAACGTCGAGTTT,TRDV2*01,CACDTLGGHTDKLIF,TRDJ1*01,NA,NA,NA,SRR22007485,Bukhari,Bukhari,True,NA,True,True,False,True
cell_280,CTGTGCTGTAAGTGGC,TRDV2*01,CACDTLEVLGDSTDKLIF,TRDJ1*01,NA,NA,NA,SRR22007485,Bukhari,Bukhari,True,NA,True,True,False,True
cell_281,GACCAATGTATCTTAA,NA,NA,NA,TRGV4*01,CATWDVTYYKKLF,TRGJ1*01,SRR22007485,Bukhari,Bukhari,NA,True,True,False,True,True
cell_282,GACTACAAGCAGCGTA,NA,NA,NA,TRGV9*01,CALWENKELGKKIKVF,TRGJP*01,SRR22007485,Bukhari,Bukhari,NA,True,True,False,True,True
cell_283,GATCGTAAGATGTGTA,NA,NA,NA,TRGV2*01,CATWEGYKKLF,TRGJ1*02|TRGJ2*01,SRR22007485,Bukhari,Bukhari,NA,True,True,False,True,True
cell_284,GCTTCCAGTCAGAATA,TRDV1*01,CALGESSGYNKLIF,TRDJ1*01,NA,NA,NA,SRR22007485,Bukhari,Bukhari,True,NA,True,True,False,True
cell_285,GGGTTGCGTTATCACG,TRDV2*01,CACDPWGTTDKLIF,TRDJ1*01,NA,NA,NA,SRR22007485,Bukhari,Bukhari,True,NA,True,True,False,True
cell_286,GTACTCCAGGACCACA,NA,NA,NA,TRGV8*01,CATWDYASLFNYYKKLF,TRGJ1*01,SRR22007485,Bukhari,Bukhari,NA,True,True,False,True,True
cell_287,GTGCATACAAACTGCT,TRDV2*01,CACDDVLGIRTTDKLIF,TRDJ1*01,NA,NA,NA,SRR22007485,Bukhari,Bukhari,True,NA,True,True,False,True
cell_288,TAGTTGGCACCGAAAG,NA,NA,NA,TRGV5P*02,CATWGVSDWIKTF,TRGJP2*01,SRR22007485,Bukhari,Bukhari,NA,True,True,False,True,True
cell_289,TCTATTGTCAACCAAC,TRDV2*01,CACDTVGPPEDTDKLIF,TRDJ1*01,NA,NA,NA,SRR22007485,Bukhari,Bukhari,True,NA,True,True,False,True
cell_290,TGACTAGTCCATTCTA,NA,NA,NA,TRGV10*01,CAACYYKKLF,TRGJ1*01,SRR22007485,Bukhari,Bukhari,NA,True,True,False,True,True
cell_291,TGCCAAATGTATCTTA,NA,NA,NA,TRGV9*01,CALWESDYYKKLF,TRGJ1*02|TRGJ2*01,SRR22007485,Bukhari,Bukhari,NA,True,True,False,True,True
cell_292,TGCGGGTCAGGTCTCG,TRDV2*02,CACDPWGTTDKLIF,TRDJ1*01,NA,NA,NA,SRR22007485,Bukhari,Bukhari,True,NA,True,True,False,True
cell_293,TTGCCGTATGTATCTT,NA,NA,NA,TRGV2*01,CATWDVGGKLF,TRGJ1*01,SRR22007485,Bukhari,Bukhari,NA,True,True,False,True,True
cell_294,AAAGATGAGGCGCTCT,NA,NA,NA,TRGV9*01,CALWEVQWKLF,TRGJ1*01,SRR22007486,Bukhari,Bukhari,NA,True,True,False,True,True
cell_295,AAGGAGCAGAAACCTA,TRDV2*01,CACDAISSTDKLIF,TRDJ1*01,NA,NA,NA,SRR22007486,Bukhari,Bukhari,True,NA,True,True,False,True
cell_296,ACAGCTAAATTTCATG,NA,NA,NA,TRGV10*01,CAAWNLGGKKLF,TRGJ1*02|TRGJ2*01,SRR22007486,Bukhari,Bukhari,NA,True,True,False,True,True
cell_297,ACATCAGCAACGATCT,NA,NA,NA,TRGV9*01,CALWELTYYKKLF,TRGJ1*02|TRGJ2*01,SRR22007486,Bukhari,Bukhari,NA,True,True,False,True,True
cell_298,ACATCAGGTTGATTGC,NA,NA,NA,TRGV9*01,CALWEAPNYYKKLF,TRGJ1*01,SRR22007486,Bukhari,Bukhari,NA,True,True,False,True,True
cell_299,ACCAAAATCATTCTTC,NA,NA,NA,TRGV10*02,CAAWDHPSKKLF,TRGJ1*02|TRGJ2*01,SRR22007486,Bukhari,Bukhari,NA,True,True,False,True,True
cell_300,ACGGCCAGTTCAGACT,NA,NA,NA,TRGV4*01,CATPYTYYKKLF,TRGJ1*01,SRR22007486,Bukhari,Bukhari,NA,True,True,False,True,True
cell_301,ACTGATGCACAGCCCA,TRDV2*01,CACDTVGDHTDKLIF,TRDJ1*01,NA,NA,NA,SRR22007486,Bukhari,Bukhari,True,NA,True,True,False,True
cell_302,AGTGAGGTCATCATTC,NA,NA,NA,TRGV9*01,CALWEVQISYKKLF,TRGJ1*01,SRR22007486,Bukhari,Bukhari,NA,True,True,False,True,True
cell_303,ATTACTCAGGGAGTAA,TRDV2*01,CACDTLGDTDKLIF,TRDJ1*01,NA,NA,NA,SRR22007486,Bukhari,Bukhari,True,NA,True,True,False,True
cell_304,CAACCTCCTGGGATCC,NA,NA,NA,TRGV2*01,CATWDVGGKLF,TRGJ1*02|TRGJ2*01,SRR22007486,Bukhari,Bukhari,NA,True,True,False,True,True
cell_305,CCATGTCCATCGACGC,NA,NA,NA,TRGV9*01,CALWEVEELGKKIKVF,TRGJP*01,SRR22007486,Bukhari,Bukhari,NA,True,True,False,True,True
cell_306,CCGGTCAGTCCTGCTT,NA,NA,NA,TRGV10*02,CCVGPDGYKKIF,TRGJ1*02|TRGJ2*01,SRR22007486,Bukhari,Bukhari,NA,True,True,False,True,True
cell_307,CGGAGTCTCCAGAAGG,NA,NA,NA,TRGV4*01,CATWDGPKLF,TRGJ1*02|TRGJ2*01,SRR22007486,Bukhari,Bukhari,NA,True,True,False,True,True
cell_308,CGTCAGGAGAGCTTCT,TRDV2*01,CACDTVLRRTGGEYTDKLIF,TRDJ1*01,NA,NA,NA,SRR22007486,Bukhari,Bukhari,True,NA,True,True,False,True
cell_309,CTACATTAGGCGCTCT,NA,NA,NA,TRGV9*01,CALWEVLWYKKLF,TRGJ1*01,SRR22007486,Bukhari,Bukhari,NA,True,True,False,True,True
cell_310,CTCATTAGTTCATGGT,TRDV2*01,CACDITGGQSWDTRQMF,TRDJ3*01,NA,NA,NA,SRR22007486,Bukhari,Bukhari,True,NA,True,True,False,True
cell_311,CTCTAATCACTATCTT,NA,NA,NA,TRGV9*01,CALWESNPELGKKIKVF,TRGJP*01,SRR22007486,Bukhari,Bukhari,NA,True,True,False,True,True
cell_312,CTGAAACGTCGAGTTT,TRDV2*01,CACDTLGGHTDKLIF,TRDJ1*01,NA,NA,NA,SRR22007486,Bukhari,Bukhari,True,NA,True,True,False,True
cell_313,GACCAATGTATCTTAA,NA,NA,NA,TRGV4*01,CATWDVTYYKKLF,TRGJ1*01,SRR22007486,Bukhari,Bukhari,NA,True,True,False,True,True
cell_314,GACTACAAGCAGCGTA,NA,NA,NA,TRGV9*01,CALWENKELGKKIKVF,TRGJP*01,SRR22007486,Bukhari,Bukhari,NA,True,True,False,True,True
cell_315,GATCGTAAGATGTGTA,NA,NA,NA,TRGV2*01,CATWEGYKKLF,TRGJ1*02|TRGJ2*01,SRR22007486,Bukhari,Bukhari,NA,True,True,False,True,True
cell_316,GATGAGGGTATAGGGC,TRDV2*01,CACDVLGMQSDKLIF,TRDJ1*01,NA,NA,NA,SRR22007486,Bukhari,Bukhari,True,NA,True,True,False,True
cell_317,GCTGCTTTCCTGTCTC,NA,NA,NA,TRGV2*03,CATWDGPLGKLF,TRGJ1*01,SRR22007486,Bukhari,Bukhari,NA,True,True,False,True,True
cell_318,GTACTCCAGGACCACA,NA,NA,NA,TRGV8*01,CATWDYASLFNYYKKLF,TRGJ1*01,SRR22007486,Bukhari,Bukhari,NA,True,True,False,True,True
cell_319,GTGCATACAAACTGCT,TRDV2*01,CACDDVLGIRTTDKLIF,TRDJ1*01,NA,NA,NA,SRR22007486,Bukhari,Bukhari,True,NA,True,True,False,True
cell_320,TCGGGACAGTCGCCGT,NA,NA,NA,TRGV9*01,CALWESDYYKKLF,TRGJ1*01,SRR22007486,Bukhari,Bukhari,NA,True,True,False,True,True
cell_321,TCTATTGTCAACCAAC,TRDV2*01,CACDTVGPPEDTDKLIF,TRDJ1*01,NA,NA,NA,SRR22007486,Bukhari,Bukhari,True,NA,True,True,False,True
cell_322,TGACTAGTCCATTCTA,NA,NA,NA,TRGV10*01,CAACYYKKLF,TRGJ1*01,SRR22007486,Bukhari,Bukhari,NA,True,True,False,True,True
cell_323,TGCCAAATGTATCTTA,NA,NA,NA,TRGV9*01,CALWESDYYKKLF,TRGJ1*02|TRGJ2*01,SRR22007486,Bukhari,Bukhari,NA,True,True,False,True,True
cell_324,TGCGGGTCAGGACTCG,TRDV2*01,CACDPWGTTGKLIF,TRDJ1*01,NA,NA,NA,SRR22007486,Bukhari,Bukhari,True,NA,True,True,False,True
cell_325,TGCGTGGCACAAGTAA,TRDV2*01,CACDSVDSPGGSYTDKLIF,TRDJ1*01,NA,NA,NA,SRR22007486,Bukhari,Bukhari,True,NA,True,True,False,True
cell_326,TTGCCGTATGTATCTT,NA,NA,NA,TRGV2*01,CATWDVGGKLF,TRGJ1*01,SRR22007486,Bukhari,Bukhari,NA,True,True,False,True,True
cell_327,AACTCCCTCCAGTATG,NA,NA,NA,TRGV4*01,CATYTGWFKIF,TRGJP1*01,SRR22007487,Bukhari,Bukhari,NA,True,True,False,True,True
cell_328,AATCCAGTGACTCTTC,NA,NA,NA,TRGV4*01,CATWDRYKKLF,TRGJ1*01,SRR22007487,Bukhari,Bukhari,NA,True,True,False,True,True
cell_329,ACGGCCAATGTATCTT,NA,NA,NA,TRGV10*02,CAAWDLQEKLF,TRGJ1*02|TRGJ2*01,SRR22007487,Bukhari,Bukhari,NA,True,True,False,True,True
cell_330,ACTGCTCTTCTTTTCT,NA,NA,NA,TRGV4*01,CATWAERYYKKLF,TRGJ1*01,SRR22007487,Bukhari,Bukhari,NA,True,True,False,True,True
cell_331,AGCTCTCGTGCCTGTG,TRDV2*01,CDTISTGYSSSWDTRQMFF,TRDJ3*01,NA,NA,NA,SRR22007487,Bukhari,Bukhari,True,NA,True,True,False,True
cell_332,AGTCTTTATGGTGTTC,NA,NA,NA,TRGV1*01,CATWDRPVYKKLF,TRGJ1*01,SRR22007487,Bukhari,Bukhari,NA,True,True,False,True,True
cell_333,AGTTGGTAGTTAGCGG,NA,NA,NA,TRGV10*02,CAAWDSGNYYKKLF,TRGJ1*01,SRR22007487,Bukhari,Bukhari,NA,True,True,False,True,True
cell_334,ATAGACCAGGAGCGTT,NA,NA,NA,TRGV10*02,CAAWDLKTPFF,TRGJ1*02|TRGJ2*01,SRR22007487,Bukhari,Bukhari,NA,True,True,False,True,True
cell_335,ATCATGGAGCGTGAAC,NA,NA,NA,TRGV4*01,CATWDYTTGWFKIF,TRGJP1*01,SRR22007487,Bukhari,Bukhari,NA,True,True,False,True,True
cell_336,ATCTACTGTCCTGCTT,NA,NA,NA,TRGV4*01,CASLYYYKKLF,TRGJ1*02|TRGJ2*01,SRR22007487,Bukhari,Bukhari,NA,True,True,False,True,True
cell_337,ATTGGACGGCCTAGCG,NA,NA,NA,TRGV8*01,CAPWDKDYYKKLF,TRGJ1*01,SRR22007487,Bukhari,Bukhari,NA,True,True,False,True,True
cell_338,CAACCAATGTATCTTA,NA,NA,NA,TRGV10*01,CAAWTRRKLF,TRGJ1*01,SRR22007487,Bukhari,Bukhari,NA,True,True,False,True,True
cell_339,CAGATCAGTTTAAGCC,NA,NA,NA,TRGV3*01,CATWVPRRSNYYKKLF,TRGJ1*01,SRR22007487,Bukhari,Bukhari,NA,True,True,False,True,True
cell_340,CAGGCCAATGTATCTT,NA,NA,NA,TRGV2*03,CATWDGPIRWKLF,TRGJ1*01,SRR22007487,Bukhari,Bukhari,NA,True,True,False,True,True
cell_341,CAGTAACCACCAGGCT,NA,NA,NA,TRGV2*01,CATWDGPTTGWFKIF,TRGJP1*01,SRR22007487,Bukhari,Bukhari,NA,True,True,False,True,True
cell_342,CATGCCTGTACTTAGC,NA,NA,NA,TRGV4*01,CATWPYKKLF,TRGJ1*01,SRR22007487,Bukhari,Bukhari,NA,True,True,False,True,True
cell_343,CCCTCCTGGGATCCCA,NA,NA,NA,TRGV9*01,CALWEVSNYYKKLF,TRGJ1*01,SRR22007487,Bukhari,Bukhari,NA,True,True,False,True,True
cell_344,CGAACATCAGGTGCCT,NA,NA,NA,TRGV2*03,CATWDWIKTF,TRGJP2*01,SRR22007487,Bukhari,Bukhari,NA,True,True,False,True,True
cell_345,CGAACATGTATCTTAA,NA,NA,NA,TRGV9*01,CALWESDYYKKLF,TRGJ1*01,SRR22007487,Bukhari,Bukhari,NA,True,True,False,True,True
cell_346,CGATGTAGTCTGCAAT,NA,NA,NA,TRGV3*01,CATWDRNYYKKLF,TRGJ1*01,SRR22007487,Bukhari,Bukhari,NA,True,True,False,True,True
cell_347,CGTCCATGTATCTTAA,NA,NA,NA,TRGV2*01,CATWDVGGKLF,TRGJ1*01,SRR22007487,Bukhari,Bukhari,NA,True,True,False,True,True
cell_348,CTACACCGTGTGACGA,NA,NA,NA,TRGV9*01,CALGEVRELGIKIKVF,TRGJP*01,SRR22007487,Bukhari,Bukhari,NA,True,True,False,True,True
cell_349,CTAGAGTTCTTTAGGT,NA,NA,NA,TRGV9*01,CALWEVQWKLF,TRGJ1*01,SRR22007487,Bukhari,Bukhari,NA,True,True,False,True,True
cell_350,CTCACACAGTCAATAG,NA,NA,NA,TRGV3*01,CATWVKKLF,TRGJ1*01,SRR22007487,Bukhari,Bukhari,NA,True,True,False,True,True
cell_351,CTCTAATGTGATAAGT,NA,NA,NA,TRGV9*01,CALWEVEELDKKIKVF,TRGJP*01,SRR22007487,Bukhari,Bukhari,NA,True,True,False,True,True
cell_352,GACGGTACATCTGTGT,NA,NA,NA,TRGV2*01,CATWDVGGKLF,TRGJ1*02|TRGJ2*01,SRR22007487,Bukhari,Bukhari,NA,True,True,False,True,True
cell_353,GCATGCGGTCTGCCAG,TRDV2*01,CACDFLRTGGRETDKLIF,TRDJ1*01,NA,NA,NA,SRR22007487,Bukhari,Bukhari,True,NA,True,True,False,True
cell_354,GCCTCTATCATGGTCA,TRDV2*01,CACDTLGRDNKLIF,TRDJ1*01,NA,NA,NA,SRR22007487,Bukhari,Bukhari,True,NA,True,True,False,True
cell_355,GCGCCAATGTATCTTA,NA,NA,NA,TRGV9*01,CALWEVHELGKKIKVF,TRGJP*01,SRR22007487,Bukhari,Bukhari,NA,True,True,False,True,True
cell_356,GCTGTTCTTTGTCCAG,NA,NA,NA,TRGV8*01,CATWDYNKKLF,TRGJ1*02|TRGJ2*01,SRR22007487,Bukhari,Bukhari,NA,True,True,False,True,True
cell_357,GGCCGATAGATATACG,NA,NA,NA,TRGV9*01,CALWESRELGKKIKVF,TRGJP*01,SRR22007487,Bukhari,Bukhari,NA,True,True,False,True,True
cell_358,GGCCGTGTATCTTAAT,NA,NA,NA,TRGV3*01,CATWDRNLDYKKLF,TRGJ1*01,SRR22007487,Bukhari,Bukhari,NA,True,True,False,True,True
cell_359,GGCGGTACATCTGTGT,NA,NA,NA,TRGV2*01,CATWDGNYYKKLF,TRGJ1*02|TRGJ2*01,SRR22007487,Bukhari,Bukhari,NA,True,True,False,True,True
cell_360,GGTATTGCATAGGAGT,NA,NA,NA,TRGV9*01,CLVGGGYGKLF,TRGJ1*02|TRGJ2*01,SRR22007487,Bukhari,Bukhari,NA,True,True,False,True,True
cell_361,GGTGTTAGTCATCCCT,NA,NA,NA,TRGV2*01,CATWDVPDSSDWIKTF,TRGJP2*01,SRR22007487,Bukhari,Bukhari,NA,True,True,False,True,True
cell_362,GTATTCTGTAGCCTAT,NA,NA,NA,TRGV10*02,CAAWDSGNYYKKLF,TRGJ1*02|TRGJ2*01,SRR22007487,Bukhari,Bukhari,NA,True,True,False,True,True
cell_363,GTCAATGTATCTTAAT,NA,NA,NA,TRGV8*01,CATWDTTGWFKIF,TRGJP1*01,SRR22007487,Bukhari,Bukhari,NA,True,True,False,True,True
cell_364,GTCTTCGCTTCAAAGT,TRDV2*01,CACDPWGTTDKLFF,TRDJ1*01,NA,NA,NA,SRR22007487,Bukhari,Bukhari,True,NA,True,True,False,True
cell_365,GTGCATATCCGCGCAA,NA,NA,NA,TRGV4*01,CATWDDKKLF,TRGJ1*02|TRGJ2*01,SRR22007487,Bukhari,Bukhari,NA,True,True,False,True,True
cell_366,GTGTCAGCACACAGAG,NA,NA,NA,TRGV4*01,CATWDGPGGYKKLF,TRGJ1*01,SRR22007487,Bukhari,Bukhari,NA,True,True,False,True,True
cell_367,GTTCTCGTCTACCTGC,TRDV2*02,CACDRLGASPYTDKLIF,TRDJ1*01,NA,NA,NA,SRR22007487,Bukhari,Bukhari,True,NA,True,True,False,True
cell_368,TACTTACCATGGAATA,TRDV2*01,CACDLVLGDRRDTDKLIF,TRDJ1*01,NA,NA,NA,SRR22007487,Bukhari,Bukhari,True,NA,True,True,False,True
cell_369,TCCCGATGTATCTTAA,NA,NA,NA,TRGV9*01,CALWDTSELGKKIKVF,TRGJP*01,SRR22007487,Bukhari,Bukhari,NA,True,True,False,True,True
cell_370,TGACGGCCATTCTCAT,NA,NA,NA,TRGV9*01,CALWESNYYKKLF,TRGJ1*01,SRR22007487,Bukhari,Bukhari,NA,True,True,False,True,True
cell_371,TGACTAGTGTATCTTA,NA,NA,NA,TRGV2*01,CATWDGRSSDWIKTF,TRGJP2*01,SRR22007487,Bukhari,Bukhari,NA,True,True,False,True,True
cell_372,TGCCCATGTATCTTAA,NA,NA,NA,TRGV9*01,CALWEVQWKLF,TRGJ1*02|TRGJ2*01,SRR22007487,Bukhari,Bukhari,NA,True,True,False,True,True
cell_373,TGCCTATGTATCTTAA,NA,NA,NA,TRGV9*01,CALWESDYYKKLF,TRGJ1*02|TRGJ2*01,SRR22007487,Bukhari,Bukhari,NA,True,True,False,True,True
cell_374,TGCGGGTGTCGGCACT,NA,NA,NA,TRGV9*01,CALWEVLWYKKLF,TRGJ1*01,SRR22007487,Bukhari,Bukhari,NA,True,True,False,True,True
cell_375,TGCGTGGCATCGATGT,NA,NA,NA,TRGV9*01,CAWECVKLF,TRGJ1*01,SRR22007487,Bukhari,Bukhari,NA,True,True,False,True,True
cell_376,TTCCCAGTGTATCTTA,NA,NA,NA,TRGV2*01,CATWDGLYYKKLF,TRGJ1*01,SRR22007487,Bukhari,Bukhari,NA,True,True,False,True,True
cell_377,TTCTACACAGGCTGAA,NA,NA,NA,TRGV4*01,CATWDAMKLF,TRGJ1*01,SRR22007487,Bukhari,Bukhari,NA,True,True,False,True,True
cell_378,TTTGGTTAGTATCTCG,NA,NA,NA,TRGV2*03,CATWDGPLGKLF,TRGJ1*01,SRR22007487,Bukhari,Bukhari,NA,True,True,False,True,True
cell_379,AAACCGCATATGGTCC,NA,NA,NA,TRGV2*01,CATWDGPDWIKTF,TRGJP2*01,SRR22007488,Bukhari,Bukhari,NA,True,True,False,True,True
cell_380,AACTCCCTCCAGTATG,NA,NA,NA,TRGV4*01,CATYTGWFKIF,TRGJP1*01,SRR22007488,Bukhari,Bukhari,NA,True,True,False,True,True
cell_381,AATGGTGTTCCCCTCC,NA,NA,NA,TRGV2*01,CHLGRPYYKKLF,TRGJ1*02|TRGJ2*01,SRR22007488,Bukhari,Bukhari,NA,True,True,False,True,True
cell_382,ACAGCCGATGTATCTT,NA,NA,NA,TRGV10*01,CAAKLF,TRGJ1*02|TRGJ2*01,SRR22007488,Bukhari,Bukhari,NA,True,True,False,True,True
cell_383,ACATGGTGTAGCGCTC,TRDV2*01,CACDTITRNTDKLIF,TRDJ1*01,NA,NA,NA,SRR22007488,Bukhari,Bukhari,True,NA,True,True,False,True
cell_384,ACGATGTGTAAACCTC,NA,NA,NA,TRGV10*01,CAACVYYKKLF,TRGJ1*01,SRR22007488,Bukhari,Bukhari,NA,True,True,False,True,True
cell_385,ACGCCAGTCACAGTAC,NA,NA,NA,TRGV10*02,CVGSVYYKKLF,TRGJ1*02|TRGJ2*01,SRR22007488,Bukhari,Bukhari,NA,True,True,False,True,True
cell_386,ACGGCCAATGTATCTT,NA,NA,NA,TRGV10*02,CAAWDLQEKLF,TRGJ1*02|TRGJ2*01,SRR22007488,Bukhari,Bukhari,NA,True,True,False,True,True
cell_387,ACTGATGCAAAGCGGT,NA,NA,NA,TRGV9*01,CALWEVQELGKKIKVF,TRGJP*01,SRR22007488,Bukhari,Bukhari,NA,True,True,False,True,True
cell_388,ACTGCTCTTCTTTTCT,NA,NA,NA,TRGV4*01,CATWAERYYKKLF,TRGJ1*01,SRR22007488,Bukhari,Bukhari,NA,True,True,False,True,True
cell_389,ACTGTCCTCATGCTCC,NA,NA,NA,TRGV2*01,CATWDGQNYYKKLF,TRGJ1*01,SRR22007488,Bukhari,Bukhari,NA,True,True,False,True,True
cell_390,AGTAGTCCACCCAGTG,NA,NA,NA,TRGV4*01,CATWDGHEKLF,TRGJ1*01,SRR22007488,Bukhari,Bukhari,NA,True,True,False,True,True
cell_391,AGTCTTTATGGTGTTC,NA,NA,NA,TRGV3*01,CATWDRPVYKKLF,TRGJ1*01,SRR22007488,Bukhari,Bukhari,NA,True,True,False,True,True
cell_392,ATAGACCCACTTCTGC,NA,NA,NA,TRGV8*01,CATWDTYKKLF,TRGJ1*01,SRR22007488,Bukhari,Bukhari,NA,True,True,False,True,True
cell_393,ATCCACCGTAGTGAAT,NA,NA,NA,TRGV2*01,CATWDGPIRWKLF,TRGJ1*02|TRGJ2*01,SRR22007488,Bukhari,Bukhari,NA,True,True,False,True,True
cell_394,ATCTACTGTCCTGCTT,NA,NA,NA,TRGV4*01,CASLYYYKKLF,TRGJ1*02|TRGJ2*01,SRR22007488,Bukhari,Bukhari,NA,True,True,False,True,True
cell_395,CACACAAGTAAGTGTA,TRDV2*01,CDTEGEKYTDKLIF,TRDJ1*01,NA,NA,NA,SRR22007488,Bukhari,Bukhari,True,NA,True,True,False,True
cell_396,CAGGTGCGTCGACTGT,TRDV2*01,CACDALLGDITPDKLIF,TRDJ1*01,NA,NA,NA,SRR22007488,Bukhari,Bukhari,True,NA,True,True,False,True
cell_397,CATGCCTTCACGCGGT,NA,NA,NA,TRGV9*01,CALWGISELGKKIKVF,TRGJP*01,SRR22007488,Bukhari,Bukhari,NA,True,True,False,True,True
cell_398,CCACGGAGTCTTCGTC,NA,NA,NA,TRGV9*01,CALWEIELGKKIKVF,TRGJP*01,SRR22007488,Bukhari,Bukhari,NA,True,True,False,True,True
cell_399,CCCTCCTGGGATCCCA,NA,NA,NA,TRGV9*01,CALWEVSNYYKKLF,TRGJ1*02|TRGJ2*01,SRR22007488,Bukhari,Bukhari,NA,True,True,False,True,True
cell_400,CGAACATCAGGTGCCT,NA,NA,NA,TRGV2*03,CATWDWIKTF,TRGJP2*01,SRR22007488,Bukhari,Bukhari,NA,True,True,False,True,True
cell_401,CGATGTAGTCTGCAAT,NA,NA,NA,TRGV3*01,CATWDRNYYKKLF,TRGJ1*01,SRR22007488,Bukhari,Bukhari,NA,True,True,False,True,True
cell_402,CGGAGTCGTCCGAAGA,NA,NA,NA,TRGV3*01,CATWDTTHKKLF,TRGJ1*01,SRR22007488,Bukhari,Bukhari,NA,True,True,False,True,True
cell_403,CGTCCATGTATCTTAA,NA,NA,NA,TRGV2*01,CATWDVGGKLF,TRGJ1*01,SRR22007488,Bukhari,Bukhari,NA,True,True,False,True,True
cell_404,CGTGTAAAGATCCCGC,NA,NA,NA,TRGV8*01,CATWDYRYKKLF,TRGJ1*01,SRR22007488,Bukhari,Bukhari,NA,True,True,False,True,True
cell_405,CGTTAGATCTTTACAC,TRDV2*01,CACDPISHGLGGTDKLIF,TRDJ1*01,NA,NA,NA,SRR22007488,Bukhari,Bukhari,True,NA,True,True,False,True
cell_406,CTAAGACAGGTGACCA,NA,NA,NA,TRGV2*01,CATWDGPTTGWFKIF,TRGJP1*01,SRR22007488,Bukhari,Bukhari,NA,True,True,False,True,True
cell_407,CTAAGACAGGTTACCT,NA,NA,NA,TRGV9*01,CALWPPYYKKLF,TRGJ1*01,SRR22007488,Bukhari,Bukhari,NA,True,True,False,True,True
cell_408,CTGATAGTCAGGATCT,NA,NA,NA,TRGV4*01,CATWDGNYYKKLF,TRGJ1*02|TRGJ2*01,SRR22007488,Bukhari,Bukhari,NA,True,True,False,True,True
cell_409,CTTTCTTGCCAATGTA,NA,NA,NA,TRGV9*01,CALWEVHYKKLF,TRGJ1*01,SRR22007488,Bukhari,Bukhari,NA,True,True,False,True,True
cell_410,GATCTAGGTGACTCAT,NA,NA,NA,TRGV8*01,CATWDMGGFGNYYKKLF,TRGJ1*01,SRR22007488,Bukhari,Bukhari,NA,True,True,False,True,True
cell_411,GCAATCATCTCTGAGA,NA,NA,NA,TRGV2*01,CATWDGNYYKKLF,TRGJ1*01,SRR22007488,Bukhari,Bukhari,NA,True,True,False,True,True
cell_412,GCACTCTCAGCGAACA,NA,NA,NA,TRGV10*02,CAAWDFYYKKLF,TRGJ1*01,SRR22007488,Bukhari,Bukhari,NA,True,True,False,True,True
cell_413,GCACTCTTAATAATAT,NA,NA,NA,TRGV9*01,CALWEVEVEVRYYKKLF,TRGJ1*01,SRR22007488,Bukhari,Bukhari,NA,True,True,False,True,True
cell_414,GCACTTGTATCTTAAT,NA,NA,NA,TRGV3*01,CATWDRHNYKKLF,TRGJ1*01,SRR22007488,Bukhari,Bukhari,NA,True,True,False,True,True
cell_415,GCGCATTAGAGGACGG,NA,NA,NA,TRGV8*01,CATWDTTGWFKIF,TRGJP1*01,SRR22007488,Bukhari,Bukhari,NA,True,True,False,True,True
cell_416,GCGCCAATGTATCTTA,NA,NA,NA,TRGV1*01,CATWELYCKKLF,TRGJ1*02|TRGJ2*01,SRR22007488,Bukhari,Bukhari,NA,True,True,False,True,True
cell_417,GCTAACTCCCACTTGA,TRDV2*01,CACDPWGTTDKLIF,TRDJ1*01,NA,NA,NA,SRR22007488,Bukhari,Bukhari,True,NA,True,True,False,True
cell_418,GCTTCCAATGTATCTT,NA,NA,NA,TRGV4*01,CATWDGGYKKLF,TRGJ1*02|TRGJ2*01,SRR22007488,Bukhari,Bukhari,NA,True,True,False,True,True
cell_419,GGAACTTCATGTAAGA,NA,NA,NA,TRGV3*01,CATWDRPPYKKLF,TRGJ1*01,SRR22007488,Bukhari,Bukhari,NA,True,True,False,True,True
cell_420,GGCCGTGTATCTTAAT,NA,NA,NA,TRGV3*01,CATWDRNLDYKKLF,TRGJ1*01,SRR22007488,Bukhari,Bukhari,NA,True,True,False,True,True
cell_421,GGCGGTACATCTGTGT,NA,NA,NA,TRGV2*01,CATWDGNYYKKLF,TRGJ1*02|TRGJ2*01,SRR22007488,Bukhari,Bukhari,NA,True,True,False,True,True
cell_422,GGTATTGCATAGGAGT,NA,NA,NA,TRGV9*01,CLVGGGYGKLF,TRGJ1*02|TRGJ2*01,SRR22007488,Bukhari,Bukhari,NA,True,True,False,True,True
cell_423,GGTATTGTATCTTAAT,NA,NA,NA,TRGV8*01,CATFYYKKLF,TRGJ1*01,SRR22007488,Bukhari,Bukhari,NA,True,True,False,True,True
cell_424,GGTGTTAGTCATCCCT,NA,NA,NA,TRGV2*01,CATWDVPDSSDWIKTF,TRGJP2*01,SRR22007488,Bukhari,Bukhari,NA,True,True,False,True,True
cell_425,GTACTTTCAAAGTCAA,NA,NA,NA,TRGV4*01,CATWVYYYKKLF,TRGJ1*02|TRGJ2*01,SRR22007488,Bukhari,Bukhari,NA,True,True,False,True,True
cell_426,GTAGTCAGTAAGTGGC,NA,NA,NA,TRGV9*01,CALWEDQELGKKIKVF,TRGJP*01,SRR22007488,Bukhari,Bukhari,NA,True,True,False,True,True
cell_427,GTTCATTGTCAACATC,NA,NA,NA,TRGV4*01,CATWDGLSNYYKKLF,TRGJ1*01,SRR22007488,Bukhari,Bukhari,NA,True,True,False,True,True
cell_428,GTTCATTTCTAACTGG,NA,NA,NA,TRGV3*01,CATWDRPCNKKLF,TRGJ1*02|TRGJ2*01,SRR22007488,Bukhari,Bukhari,NA,True,True,False,True,True
cell_429,TAAACCGCATCCGGGT,TRDV2*01,CACDTIGGSDKLIF,TRDJ1*01,NA,NA,NA,SRR22007488,Bukhari,Bukhari,True,NA,True,True,False,True
cell_430,TAGGCATGTATCTTAA,NA,NA,NA,TRGV8*01,CATWGSNYYKKLF,TRGJ1*01,SRR22007488,Bukhari,Bukhari,NA,True,True,False,True,True
cell_431,TCGGGACCACTACAGT,NA,NA,NA,TRGV9*01,CALWEVLWYKKLF,TRGJ1*01,SRR22007488,Bukhari,Bukhari,NA,True,True,False,True,True
cell_432,TGACGGCCATTCTCAT,NA,NA,NA,TRGV9*01,CALWESNYYKKLF,TRGJ1*01,SRR22007488,Bukhari,Bukhari,NA,True,True,False,True,True
cell_433,TGACTAGTGTATCTTA,NA,NA,NA,TRGV2*01,CATWDGRSSDWIKTF,TRGJP2*01,SRR22007488,Bukhari,Bukhari,NA,True,True,False,True,True
cell_434,TGCCAATGTATCTTAA,NA,NA,NA,TRGV9*01,CALWEADYYKKLF,TRGJ1*01,SRR22007488,Bukhari,Bukhari,NA,True,True,False,True,True
cell_435,TGCCCATGTATCTTAA,NA,NA,NA,TRGV4*01,CATWDGPAGDYYKKLF,TRGJ1*01,SRR22007488,Bukhari,Bukhari,NA,True,True,False,True,True
cell_436,TGCCCTATGTATCTTA,NA,NA,NA,TRGV9*01,CALWESDYYKKLF,TRGJ1*01,SRR22007488,Bukhari,Bukhari,NA,True,True,False,True,True
cell_437,TGCCGTCATCCTTGCG,NA,NA,NA,TRGV3*01,CATWVKKLF,TRGJ1*02|TRGJ2*01,SRR22007488,Bukhari,Bukhari,NA,True,True,False,True,True
cell_438,TGCCTATGTATCTTAA,NA,NA,NA,TRGV9*01,CALWESDYYKKLF,TRGJ1*02|TRGJ2*01,SRR22007488,Bukhari,Bukhari,NA,True,True,False,True,True
cell_439,TGGCTGGGTTGTGGCC,NA,NA,NA,TRGV2*01,CATWDGRKKLF,TRGJ1*02|TRGJ2*01,SRR22007488,Bukhari,Bukhari,NA,True,True,False,True,True
cell_440,TGGGCGTCATCTATGG,NA,NA,NA,TRGV9*01,CALWEGPNYYKKLF,TRGJ1*01,SRR22007488,Bukhari,Bukhari,NA,True,True,False,True,True
cell_441,TTCCCAGTGTATCTTA,NA,NA,NA,TRGV2*01,CATWDGLYYKKLF,TRGJ1*01,SRR22007488,Bukhari,Bukhari,NA,True,True,False,True,True
cell_442,AACCATGCAGATGAGC,NA,NA,NA,TRGV9*01,CALWETQELGKKIKVF,TRGJP*01,SRR22007489,Bukhari,Bukhari,NA,True,True,False,True,True
cell_443,AACTTTCGTATTACCG,TRDV2*01,CACDALLGDTQADKLIF,TRDJ1*01,NA,NA,NA,SRR22007489,Bukhari,Bukhari,True,NA,True,True,False,True
cell_444,ACTGAGTTCAAACGGG,NA,NA,NA,TRGV9*01,CALWEIELGKKIKVF,TRGJP*01,SRR22007489,Bukhari,Bukhari,NA,True,True,False,True,True
cell_445,ATCCGATGTATCTTAA,NA,NA,NA,TRGV4*01,CATWPYKKLF,TRGJ1*01,SRR22007489,Bukhari,Bukhari,NA,True,True,False,True,True
cell_446,ATTTCTGAGTGTTTGC,NA,NA,NA,TRGV8*01,CATWDTTGWFKIF,TRGJP1*01,SRR22007489,Bukhari,Bukhari,NA,True,True,False,True,True
cell_447,CAGTAACTCGTGGGAA,NA,NA,NA,TRGV9*01,CALWEAKLF,TRGJ1*01,SRR22007489,Bukhari,Bukhari,NA,True,True,False,True,True
cell_448,CATGCATGTGTCGTTA,NA,NA,NA,TRGV10*02,CAAWDRKKLF,TRGJ1*02|TRGJ2*01,SRR22007489,Bukhari,Bukhari,NA,True,True,False,True,True
cell_449,CCGTGGAAGACAAGCC,NA,NA,NA,TRGV8*01,CATWDMGGFGNYYKKLF,TRGJ1*01,SRR22007489,Bukhari,Bukhari,NA,True,True,False,True,True
cell_450,CGAACATGTATCTTAA,NA,NA,NA,TRGV9*01,CALWESDYYKKLF,TRGJ1*01,SRR22007489,Bukhari,Bukhari,NA,True,True,False,True,True
cell_451,CGGAGTCGTTCTGGTA,NA,NA,NA,TRGV9*01,CALWEVLELGKKIKVF,TRGJP*01,SRR22007489,Bukhari,Bukhari,NA,True,True,False,True,True
cell_452,CGGGTAAGTAGCAAAT,TRDV2*01,CACDTVGDTGGTDKLIF,TRDJ1*01,NA,NA,NA,SRR22007489,Bukhari,Bukhari,True,NA,True,True,False,True
cell_453,CGTGTCTGACGATACA,NA,NA,NA,TRGV2*01,CATWDVGGKLF,TRGJ1*02|TRGJ2*01,SRR22007489,Bukhari,Bukhari,NA,True,True,False,True,True
cell_454,CGTTAGACAGAGGTGC,TRDV2*01,CACDAVGDKCTDKLIF,TRDJ1*01,NA,NA,NA,SRR22007489,Bukhari,Bukhari,True,NA,True,True,False,True
cell_455,CTTAACTTCACCGGGT,NA,NA,NA,TRGV9*01,CALWEAQELGKKIKVF,TRGJP*01,SRR22007489,Bukhari,Bukhari,NA,True,True,False,True,True
cell_456,GACCAATCATCCCACT,NA,NA,NA,TRGV9*01,CALWEVPELGKKIKVF,TRGJP*01,SRR22007489,Bukhari,Bukhari,NA,True,True,False,True,True
cell_457,GATGTATCTTAATAAC,NA,NA,NA,TRGV9*01,CALWEVLWYKKLF,TRGJ1*01,SRR22007489,Bukhari,Bukhari,NA,True,True,False,True,True
cell_458,GCAATCAGTGAGGGTT,TRDV2*01,CACDLVLGDRRDTDKLIF,TRDJ1*01,NA,NA,NA,SRR22007489,Bukhari,Bukhari,True,NA,True,True,False,True
cell_459,GCCAATGTATCTTAAT,NA,NA,NA,TRGV1*01,CATWVKKLF,TRGJ1*02|TRGJ2*01,SRR22007489,Bukhari,Bukhari,NA,True,True,False,True,True
cell_460,GGACATTGTTGGAGGT,NA,NA,NA,TRGV5P*02,CATWGSNYYKKLF,TRGJ1*02|TRGJ2*01,SRR22007489,Bukhari,Bukhari,NA,True,True,False,True,True
cell_461,GTTCATTAGAATGTTG,NA,NA,NA,TRGV10*02,CAAWDHTTGWFKIF,TRGJP1*01,SRR22007489,Bukhari,Bukhari,NA,True,True,False,True,True
cell_462,TCTAGCTTTCCTGCCT,NA,NA,NA,TRGV4*01,CATWDDKKLF,TRGJ1*02|TRGJ2*01,SRR22007489,Bukhari,Bukhari,NA,True,True,False,True,True
cell_463,TCTCATATCCAGTAGT,NA,NA,NA,TRGV9*01,CALWEEKLF,TRGJ1*02|TRGJ2*01,SRR22007489,Bukhari,Bukhari,NA,True,True,False,True,True
cell_464,TGAAAATGTATCTTAA,NA,NA,NA,TRGV2*01,CATWDVGGKLF,TRGJ1*01,SRR22007489,Bukhari,Bukhari,NA,True,True,False,True,True
cell_465,TGCCAAATCGGTCCGA,NA,NA,NA,TRGV10*02,CAAWDCYYYKKLF,TRGJ1*02|TRGJ2*01,SRR22007489,Bukhari,Bukhari,NA,True,True,False,True,True
cell_466,TGCCCATGTATCTTAA,NA,NA,NA,TRGV2*01,CATWETNKKLF,TRGJ1*01,SRR22007489,Bukhari,Bukhari,NA,True,True,False,True,True
cell_467,TGCCCTATGTATCTTA,NA,NA,NA,TRGV10*02,CAAWDKAKLF,TRGJ1*02|TRGJ2*01,SRR22007489,Bukhari,Bukhari,NA,True,True,False,True,True
cell_468,TGCTTTGTTCAGGCCG,NA,NA,NA,TRGV4*01,CATWDGFYYYKKLF,TRGJ1*02|TRGJ2*01,SRR22007489,Bukhari,Bukhari,NA,True,True,False,True,True
cell_469,TGGCTGGCAACTGGCC,TRDV2*01,CACDTLGRDDKLIF,TRDJ1*01,NA,NA,NA,SRR22007489,Bukhari,Bukhari,True,NA,True,True,False,True
cell_470,TTCTCCTAGCAGATCG,NA,NA,NA,TRGV10*02,CAAWDYDYKKLF,TRGJ1*02|TRGJ2*01,SRR22007489,Bukhari,Bukhari,NA,True,True,False,True,True
cell_471,TTGGCAATGTATCTTA,NA,NA,NA,TRGV4*02,CATWDGVRYKKLF,TRGJ1*01,SRR22007489,Bukhari,Bukhari,NA,True,True,False,True,True
cell_472,AACCATGCATTAGCCA,TRDV2*01,CACDSLTGDSYTDKLIF,TRDJ1*01,NA,NA,NA,SRR22007490,Bukhari,Bukhari,True,NA,True,True,False,True
cell_473,ACTGAGTTCAAACGGG,NA,NA,NA,TRGV9*01,CALWEIELGKKIKVF,TRGJP*01,SRR22007490,Bukhari,Bukhari,NA,True,True,False,True,True
cell_474,ATCCGATGTATCTTAA,NA,NA,NA,TRGV4*01,CATWPYKKLF,TRGJ1*01,SRR22007490,Bukhari,Bukhari,NA,True,True,False,True,True
cell_475,ATTTCTGAGTGTTTGC,NA,NA,NA,TRGV8*01,CATWDTTGWFKIF,TRGJP1*01,SRR22007490,Bukhari,Bukhari,NA,True,True,False,True,True
cell_476,CAGTAACTCGTGGGAA,NA,NA,NA,TRGV9*01,CALWEAKLF,TRGJ1*01,SRR22007490,Bukhari,Bukhari,NA,True,True,False,True,True
cell_477,CATGGCGGTGTTAAGA,NA,NA,NA,TRGV10*02,CAAWDYHNYYKKLF,TRGJ1*02|TRGJ2*01,SRR22007490,Bukhari,Bukhari,NA,True,True,False,True,True
cell_478,CCAATCCGTCGTGCTT,NA,NA,NA,TRGV2*01,CATWDGRWYKKLF,TRGJ1*02|TRGJ2*01,SRR22007490,Bukhari,Bukhari,NA,True,True,False,True,True
cell_479,CCGTGGAAGACAAGCC,NA,NA,NA,TRGV8*01,CATWDMGGFGNYYKKLF,TRGJ1*01,SRR22007490,Bukhari,Bukhari,NA,True,True,False,True,True
cell_480,CGGAGTCAGCGCATCA,TRDV2*01,CACQGLRAPAADKLIF,TRDJ1*01,NA,NA,NA,SRR22007490,Bukhari,Bukhari,True,NA,True,True,False,True
cell_481,CGGAGTCAGCGCCTCA,TRDV2*01,CACEGLRAPAADKLIF,TRDJ1*01,NA,NA,NA,SRR22007490,Bukhari,Bukhari,True,NA,True,True,False,True
cell_482,CGGAGTCGTTCTGGTA,NA,NA,NA,TRGV9*01,CALWEVLELGKKIKVF,TRGJP*01,SRR22007490,Bukhari,Bukhari,NA,True,True,False,True,True
cell_483,CGTGTAAAGACTACAA,NA,NA,NA,TRGV1*01,CATWDRDKKLF,TRGJ1*01,SRR22007490,Bukhari,Bukhari,NA,True,True,False,True,True
cell_484,CGTGTCTGACGATACA,NA,NA,NA,TRGV2*01,CATWDVGGKLF,TRGJ1*02|TRGJ2*01,SRR22007490,Bukhari,Bukhari,NA,True,True,False,True,True
cell_485,CTTAACTAGCTAAACA,NA,NA,NA,TRGV9*01,CALWEVQWKLF,TRGJ1*01,SRR22007490,Bukhari,Bukhari,NA,True,True,False,True,True
cell_486,GACACGCTCTCGATGA,TRDV2*01,CACDGIEDTDKLIF,TRDJ1*01,NA,NA,NA,SRR22007490,Bukhari,Bukhari,True,NA,True,True,False,True
cell_487,GACCAATCATCCCACT,NA,NA,NA,TRGV9*01,CALWEVPELGKKIKVF,TRGJP*01,SRR22007490,Bukhari,Bukhari,NA,True,True,False,True,True
cell_488,GATGTATCTTAATAAC,NA,NA,NA,TRGV9*01,CALWEVLWYKKLF,TRGJ1*01,SRR22007490,Bukhari,Bukhari,NA,True,True,False,True,True
cell_489,GCCAATGTATCTTAAT,NA,NA,NA,TRGV1*01,CATWVKKLF,TRGJ1*02|TRGJ2*01,SRR22007490,Bukhari,Bukhari,NA,True,True,False,True,True
cell_490,GGACATTGTTGGAGGT,NA,NA,NA,TRGV5P*02,CATWGSNYYKKLF,TRGJ1*02|TRGJ2*01,SRR22007490,Bukhari,Bukhari,NA,True,True,False,True,True
cell_491,GTGTTCTTTGTCCAGT,NA,NA,NA,TRGV4*01,CATWDACYKKLF,TRGJ1*01,SRR22007490,Bukhari,Bukhari,NA,True,True,False,True,True
cell_492,TCAGCAATCAGCTCTC,NA,NA,NA,TRGV9*01,CALWEVQELGKKIKVF,TRGJP*01,SRR22007490,Bukhari,Bukhari,NA,True,True,False,True,True
cell_493,TCTCATATCCAGTAGT,NA,NA,NA,TRGV9*01,CALWEEKLF,TRGJ1*02|TRGJ2*01,SRR22007490,Bukhari,Bukhari,NA,True,True,False,True,True
cell_494,TGAAAATGTATCATAA,NA,NA,NA,TRGV2*01,CATWDVGGKLF,TRGJ1*01,SRR22007490,Bukhari,Bukhari,NA,True,True,False,True,True
cell_495,TGCCAAAAGCTAACTC,NA,NA,NA,TRGV2*01,CATWDVRDKKLF,TRGJ1*01,SRR22007490,Bukhari,Bukhari,NA,True,True,False,True,True
cell_496,TGCCAAATCGGTCCGA,NA,NA,NA,TRGV10*02,CAAWDCYYYKKLF,TRGJ1*02|TRGJ2*01,SRR22007490,Bukhari,Bukhari,NA,True,True,False,True,True
cell_497,TGCCAATGTATCTTAA,NA,NA,NA,TRGV10*02,CVGLSGHYYKKLF,TRGJ1*02|TRGJ2*01,SRR22007490,Bukhari,Bukhari,NA,True,True,False,True,True
cell_498,TGCCCATGTATCTTAA,NA,NA,NA,TRGV2*02,CATWETNKKLF,TRGJ1*01,SRR22007490,Bukhari,Bukhari,NA,True,True,False,True,True
cell_499,TGCCCTATGTATCTTA,NA,NA,NA,TRGV10*02,CAAWDKAKLF,TRGJ1*02|TRGJ2*01,SRR22007490,Bukhari,Bukhari,NA,True,True,False,True,True
cell_500,TGCTTTGTTCAGGCCG,NA,NA,NA,TRGV4*01,CATWDGFYYYKKLF,TRGJ1*02|TRGJ2*01,SRR22007490,Bukhari,Bukhari,NA,True,True,False,True,True
cell_501,TTATGCTCATGGAATA,NA,NA,NA,TRGV8*01,CATWDRYKKLF,TRGJ1*02|TRGJ2*01,SRR22007490,Bukhari,Bukhari,NA,True,True,False,True,True
cell_502,TTCTCCTAGCAGATCG,NA,NA,NA,TRGV10*02,CAAWDYDYKKLF,TRGJ1*02|TRGJ2*01,SRR22007490,Bukhari,Bukhari,NA,True,True,False,True,True
cell_503,AAGACCTGTACATCCA,NA,NA,NA,TRGV1*01,CATWDLQNYYKKLF,TRGJ1*02|TRGJ2*01,SRR22007491,Bukhari,Bukhari,NA,True,True,False,True,True
cell_504,ACCCACTGTATCTTAA,NA,NA,NA,TRGV9*01,CALWEVFF,TRGJP1*01,SRR22007491,Bukhari,Bukhari,NA,True,True,False,True,True
cell_505,ACGATACAGGATGTAT,NA,NA,NA,TRGV9*01,CGRCKSWAKKIKVF,TRGJP*01,SRR22007491,Bukhari,Bukhari,NA,True,True,False,True,True
cell_506,AGCCTATGTATCTTAA,NA,NA,NA,TRGV9*01,CALWEVLQELGKKIKVF,TRGJP*01,SRR22007491,Bukhari,Bukhari,NA,True,True,False,True,True
cell_507,ATGCGATGTATCTTAA,NA,NA,NA,TRGV9*01,CALWEVLDYYKKLF,TRGJ1*02|TRGJ2*01,SRR22007491,Bukhari,Bukhari,NA,True,True,False,True,True
cell_508,CACAGTTCCGATCTCC,NA,NA,NA,TRGV2*01,CATWDGRTYYKKLF,TRGJ1*01,SRR22007491,Bukhari,Bukhari,NA,True,True,False,True,True
cell_509,CACCACTTCAGTTGAC,NA,NA,NA,TRGV8*01,CATWDLNYYKKLF,TRGJ1*01,SRR22007491,Bukhari,Bukhari,NA,True,True,False,True,True
cell_510,CCACTACCATTCACTT,TRDV2*01,CACDTIWGGTDKLIF,TRDJ1*01,NA,NA,NA,SRR22007491,Bukhari,Bukhari,True,NA,True,True,False,True
cell_511,CCATGTCGTTAGTCTT,NA,NA,NA,TRGV4*01,CATPSQLF,TRGJ1*02|TRGJ2*01,SRR22007491,Bukhari,Bukhari,NA,True,True,False,True,True
cell_512,CCTACCAATGTATCTT,NA,NA,NA,TRGV10*02,CAAWDYYKKLF,TRGJ1*01,SRR22007491,Bukhari,Bukhari,NA,True,True,False,True,True
cell_513,CCTAGTTTCTGCTGTC,NA,NA,NA,TRGV10*01,CAAWPLNYYKKLF,TRGJ1*01,SRR22007491,Bukhari,Bukhari,NA,True,True,False,True,True
cell_514,CGTTGGGCACGGCGTT,TRDV2*03,CACDTVVRGEDTDKLIF,TRDJ1*01,NA,NA,NA,SRR22007491,Bukhari,Bukhari,True,NA,True,True,False,True
cell_515,CTAACTTCACACTGCG,NA,NA,NA,TRGV3*01,CATWDRLGKLF,TRGJ1*02|TRGJ2*01,SRR22007491,Bukhari,Bukhari,NA,True,True,False,True,True
cell_516,CTCCTAGCACCGCTAG,NA,NA,NA,TRGV8*01,CATWDIGLNYYKKLF,TRGJ1*01,SRR22007491,Bukhari,Bukhari,NA,True,True,False,True,True
cell_517,CTGCCAATGTATCTTA,NA,NA,NA,TRGV10*02,CAAWDFYKKLF,TRGJ1*01,SRR22007491,Bukhari,Bukhari,NA,True,True,False,True,True
cell_518,CTGCCTATGTATCTTA,NA,NA,NA,TRGV10*02,CAAWDYPNYYKKLF,TRGJ1*01,SRR22007491,Bukhari,Bukhari,NA,True,True,False,True,True
cell_519,GAGCCAATGTATCTTA,NA,NA,NA,TRGV9*01,CALWEVLDYYKKLF,TRGJ1*01,SRR22007491,Bukhari,Bukhari,NA,True,True,False,True,True
cell_520,GATTCAGAGCCGGTAA,NA,NA,NA,TRGV2*01,CATWDGPKDGKLF,TRGJ1*01,SRR22007491,Bukhari,Bukhari,NA,True,True,False,True,True
cell_521,GCCAAATGTATCTTAA,NA,NA,NA,TRGV2*03,CATWDGRYKKLF,TRGJ1*01,SRR22007491,Bukhari,Bukhari,NA,True,True,False,True,True
cell_522,GCGCCAATGTATCTTA,NA,NA,NA,TRGV3*01,CATWDSPNYYKKLF,TRGJ1*01,SRR22007491,Bukhari,Bukhari,NA,True,True,False,True,True
cell_523,GTATCTTAATAACATC,NA,NA,NA,TRGV9*01,CALWEVGELGKKIKVF,TRGJP*01,SRR22007491,Bukhari,Bukhari,NA,True,True,False,True,True
cell_524,GTCTTCGCTTCAAAGT,TRDV1*01,CALGELPILADKLIF,TRDJ1*01,NA,NA,NA,SRR22007491,Bukhari,Bukhari,True,NA,True,True,False,True
cell_525,GTTTCTCAAGAAGACA,NA,NA,NA,TRGV8*01,CATWDCGWHRVLPVDYYKKLF,TRGJ1*01,SRR22007491,Bukhari,Bukhari,NA,True,True,False,True,True
cell_526,TAGGCATGTATCTTAA,NA,NA,NA,TRGV5*01,CATWDRPGDWIKTF,TRGJP2*01,SRR22007491,Bukhari,Bukhari,NA,True,True,False,True,True
cell_527,TAGGCATTCATTTGGG,NA,NA,NA,TRGV3*01,CATWDRPGDWIKTF,TRGJP2*01,SRR22007491,Bukhari,Bukhari,NA,True,True,False,True,True
cell_528,TCCCGATGTATCTTAA,NA,NA,NA,TRGV3*01,CATWDRPYYKKLF,TRGJ1*01,SRR22007491,Bukhari,Bukhari,NA,True,True,False,True,True
cell_529,TGACAACGTATCTTAA,NA,NA,NA,TRGV10*01,CAAQPKKLF,TRGJ1*02|TRGJ2*01,SRR22007491,Bukhari,Bukhari,NA,True,True,False,True,True
cell_530,TGCCAAAGTATCTTAA,NA,NA,NA,TRGV2*03,CATWDGLDYKKLF,TRGJ1*02|TRGJ2*01,SRR22007491,Bukhari,Bukhari,NA,True,True,False,True,True
cell_531,TGCCAAATGTATCTTA,NA,NA,NA,TRGV3*01,CATWARGKLF,TRGJ1*02|TRGJ2*01,SRR22007491,Bukhari,Bukhari,NA,True,True,False,True,True
cell_532,TGCCCATGTATCTTAA,NA,NA,NA,TRGV9*01,CALWEVQELGKKIKVF,TRGJP*01,SRR22007491,Bukhari,Bukhari,NA,True,True,False,True,True
cell_533,TGTATTCTCCATGAAC,TRDV2*01,CACDPVLGDTRTDKLIF,TRDJ1*01,NA,NA,NA,SRR22007491,Bukhari,Bukhari,True,NA,True,True,False,True
cell_534,TGTGGTACACTTAACG,NA,NA,NA,TRGV4*01,CATWDGFYYYKKLF,TRGJ1*01,SRR22007491,Bukhari,Bukhari,NA,True,True,False,True,True
cell_535,TTGCCATGTTATCTAT,NA,NA,NA,TRGV4*01,CATWAPYYKKLF,TRGJ1*01,SRR22007491,Bukhari,Bukhari,NA,True,True,False,True,True
cell_536,TTGCTTATGTATCTTA,NA,NA,NA,TRGV2*01,CATWDEYSSDWIKTF,TRGJP2*01,SRR22007491,Bukhari,Bukhari,NA,True,True,False,True,True
cell_537,AAGTCTGACGATACAT,NA,NA,NA,TRGV9*01,CALWEGQELGKKIKVF,TRGJP*01,SRR22007492,Bukhari,Bukhari,NA,True,True,False,True,True
cell_538,ACGCCAATGTATCTTA,NA,NA,NA,TRGV5*01,CATWDGLLDYYKKLF,TRGJ1*01,SRR22007492,Bukhari,Bukhari,NA,True,True,False,True,True
cell_539,ACGCCAGTGTATCTTA,NA,NA,NA,TRGV9*01,CALWEVGELGKKKIKVF,TRGJP*01,SRR22007492,Bukhari,Bukhari,NA,True,True,False,True,True
cell_540,AGATTGCTCTTCTTTT,NA,NA,NA,TRGV10*01,CAAWFPQDYYKKLF,TRGJ1*02|TRGJ2*01,SRR22007492,Bukhari,Bukhari,NA,True,True,False,True,True
cell_541,AGCCAATGTATCTTAA,NA,NA,NA,TRGV10*02,CAAWDPNYYKKLF,TRGJ1*01,SRR22007492,Bukhari,Bukhari,NA,True,True,False,True,True
cell_542,AGTTGGTTCCTTCAAT,NA,NA,NA,TRGV9*01,CALWEDKKLF,TRGJ1*02|TRGJ2*01,SRR22007492,Bukhari,Bukhari,NA,True,True,False,True,True
cell_543,ATCTACTCAGTAAGAT,TRDV2*01,CACDTVTGGYADKLIF,TRDJ1*01,NA,NA,NA,SRR22007492,Bukhari,Bukhari,True,NA,True,True,False,True
cell_544,ATCTGCCAATGTATCT,NA,NA,NA,TRGV9*01,CLVGALEGYEKLF,TRGJ1*02|TRGJ2*01,SRR22007492,Bukhari,Bukhari,NA,True,True,False,True,True
cell_545,ATTGGACGTCAGTGGA,NA,NA,NA,TRGV10*02,CAAWDYGIGELF,TRGJ1*02|TRGJ2*01,SRR22007492,Bukhari,Bukhari,NA,True,True,False,True,True
cell_546,CACATAGCACACTGCG,NA,NA,NA,TRGV10*02,CAAWESGYYKKLF,TRGJ1*01,SRR22007492,Bukhari,Bukhari,NA,True,True,False,True,True
cell_547,CATCAGAGTACAGTGG,NA,NA,NA,TRGV9*01,CALWLPKIKVF,TRGJP*01,SRR22007492,Bukhari,Bukhari,NA,True,True,False,True,True
cell_548,CCTACCAATGTATCTT,NA,NA,NA,TRGV10*02,CAAWDYYKKLF,TRGJ1*02|TRGJ2*01,SRR22007492,Bukhari,Bukhari,NA,True,True,False,True,True
cell_549,CCTGCCAATGTATCTT,NA,NA,NA,TRGV4*01,CATWDLGYYKKLF,TRGJ1*01,SRR22007492,Bukhari,Bukhari,NA,True,True,False,True,True
cell_550,CGACCTTAGAAGGCCT,TRDV2*01,CACELRGGTKLWDTRQMFF,TRDJ3*01,NA,NA,NA,SRR22007492,Bukhari,Bukhari,True,NA,True,True,False,True
cell_551,CGAGCCAATGTATCTT,NA,NA,NA,TRGV9*01,CALWEVLDYYKKLF,TRGJ1*02|TRGJ2*01,SRR22007492,Bukhari,Bukhari,NA,True,True,False,True,True
cell_552,CGCGGTACAACAACCT,TRDV2*01,CACDTGGGLSWDTRQMFF,TRDJ3*01,NA,NA,NA,SRR22007492,Bukhari,Bukhari,True,NA,True,True,False,True
cell_553,CGTTGGGCACGGCGTT,TRDV2*03,CACDTVVRGEDTDKLIF,TRDJ1*01,NA,NA,NA,SRR22007492,Bukhari,Bukhari,True,NA,True,True,False,True
cell_554,CTAACTTCACACTGAG,NA,NA,NA,TRGV3*01,CATWDRIGKLF,TRGJ1*01,SRR22007492,Bukhari,Bukhari,NA,True,True,False,True,True
cell_555,CTCGTCAGTGTATCTT,NA,NA,NA,TRGV2*03,CATWDGPRCREGLEMIF,TRGJ1*02|TRGJ2*01,SRR22007492,Bukhari,Bukhari,NA,True,True,False,True,True
cell_556,CTGCCAATGTATCTTA,NA,NA,NA,TRGV8*01,CATWDRLNYYKKLF,TRGJ1*02|TRGJ2*01,SRR22007492,Bukhari,Bukhari,NA,True,True,False,True,True
cell_557,CTGTGCTAATGTATCT,NA,NA,NA,TRGV3*01,CATWDVAADYYKKLF,TRGJ1*01,SRR22007492,Bukhari,Bukhari,NA,True,True,False,True,True
cell_558,GCATGATAGGTGTGGT,TRDV1*01,CAPRPPTDKLIF,TRDJ1*01,NA,NA,NA,SRR22007492,Bukhari,Bukhari,True,NA,True,True,False,True
cell_559,GTCTTCGGGATCCACT,NA,NA,NA,TRGV10*02,CAAWDGGTKLF,TRGJ1*01,SRR22007492,Bukhari,Bukhari,NA,True,True,False,True,True
cell_560,GTCTTCGTGGTGTTCC,NA,NA,NA,TRGV10*02,CAAWDGGTKLF,TRGJ1*02|TRGJ2*01,SRR22007492,Bukhari,Bukhari,NA,True,True,False,True,True
cell_561,GTGCGGTTCTGAGGGA,NA,NA,NA,TRGV4*01,CATWDYYKKLF,TRGJ1*01,SRR22007492,Bukhari,Bukhari,NA,True,True,False,True,True
cell_562,GTGCTTCACTTCAAAG,TRDV2*01,CACDTIGTRGYTDKLIF,TRDJ1*01,NA,NA,NA,SRR22007492,Bukhari,Bukhari,True,NA,True,True,False,True
cell_563,GTTCATTGACTCTTCT,NA,NA,NA,TRGV2*01,CATWDGVEKLF,TRGJ1*02|TRGJ2*01,SRR22007492,Bukhari,Bukhari,NA,True,True,False,True,True
cell_564,TACCTTAGTTATCACG,TRDV2*01,CDTLILVDNTDKLIF,TRDJ1*01,NA,NA,NA,SRR22007492,Bukhari,Bukhari,True,NA,True,True,False,True
cell_565,TACTCATGTATGTGTC,NA,NA,NA,TRGV9*01,CALWEDKKLF,TRGJ1*01,SRR22007492,Bukhari,Bukhari,NA,True,True,False,True,True
cell_566,TATCTCATGTCTGACG,NA,NA,NA,TRGV9*01,CGRCRWMTADKKLF,TRGJ1*01,SRR22007492,Bukhari,Bukhari,NA,True,True,False,True,True
cell_567,TCTATTGCCAATGTAT,NA,NA,NA,TRGV8*01,CATWANTGWFKIF,TRGJP1*01,SRR22007492,Bukhari,Bukhari,NA,True,True,False,True,True
cell_568,TGACAACGTATCTTAA,NA,NA,NA,TRGV10*01,CAAQDLYYKKLF,TRGJ1*02|TRGJ2*01,SRR22007492,Bukhari,Bukhari,NA,True,True,False,True,True
cell_569,TGACTTTGTATCTTAA,NA,NA,NA,TRGV4*01,CATWVWGDYKKLF,TRGJ1*01,SRR22007492,Bukhari,Bukhari,NA,True,True,False,True,True
cell_570,TGAGCATTCGAACGGA,NA,NA,NA,TRGV4*01,CATWPYHYYKKLF,TRGJ1*01,SRR22007492,Bukhari,Bukhari,NA,True,True,False,True,True
cell_571,TGCACCTGTATCTTAA,NA,NA,NA,TRGV3*01,CATWDRPGGYYKKLF,TRGJ1*01,SRR22007492,Bukhari,Bukhari,NA,True,True,False,True,True
cell_572,TGCCAAAGTATCTTAA,NA,NA,NA,TRGV3*01,CATWDGLDYKKLF,TRGJ1*02|TRGJ2*01,SRR22007492,Bukhari,Bukhari,NA,True,True,False,True,True
cell_573,TGCCAAATGTATCTTA,NA,NA,NA,TRGV4*01,CATWDGFYYYKKLF,TRGJ1*01,SRR22007492,Bukhari,Bukhari,NA,True,True,False,True,True
cell_574,TGCCAATGTATCTTAA,NA,NA,NA,TRGV2*03,CATWDGLDYKKLF,TRGJ1*01,SRR22007492,Bukhari,Bukhari,NA,True,True,False,True,True
cell_575,TGCCCATGTATCTTAA,NA,NA,NA,TRGV9*01,CALWEVLDYYKKLF,TRGJ1*01,SRR22007492,Bukhari,Bukhari,NA,True,True,False,True,True
cell_576,TGCGAATGTATCTTAA,NA,NA,NA,TRGV3*01,CHLGPGGKLF,TRGJ1*02|TRGJ2*01,SRR22007492,Bukhari,Bukhari,NA,True,True,False,True,True
cell_577,TGGCCAGAGCCGTCGT,NA,NA,NA,TRGV2*01,CATWDADKKLF,TRGJ1*02|TRGJ2*01,SRR22007492,Bukhari,Bukhari,NA,True,True,False,True,True
cell_578,TTGCCATGTTATCTAT,NA,NA,NA,TRGV4*02,CATWAPYYKKLF,TRGJ1*01,SRR22007492,Bukhari,Bukhari,NA,True,True,False,True,True
cell_579,AAGTCTGACGATACAT,NA,NA,NA,TRGV3*01,CATWDVNYYKKLF,TRGJ1*01,SRR22007493,Bukhari,Bukhari,NA,True,True,False,True,True
cell_580,ACCCACTGTATCTTAA,NA,NA,NA,TRGV2*03,CATWDGGSICKKLF,TRGJ1*01,SRR22007493,Bukhari,Bukhari,NA,True,True,False,True,True
cell_581,ACGGGCTTCGTACCGG,NA,NA,NA,TRGV9*01,CALWEVFGQELGKKIKVF,TRGJP*01,SRR22007493,Bukhari,Bukhari,NA,True,True,False,True,True
cell_582,ACTGTCCTAACTGCTA,NA,NA,NA,TRGV9*01,CALWEVLDYYKKLF,TRGJ1*01,SRR22007493,Bukhari,Bukhari,NA,True,True,False,True,True
cell_583,AGCAGCCAATGTATCT,NA,NA,NA,TRGV1*01,CATWDPSLGNYYKKLF,TRGJ1*01,SRR22007493,Bukhari,Bukhari,NA,True,True,False,True,True
cell_584,AGCAGCCCAAGCGAGT,NA,NA,NA,TRGV10*02,CAAWDYECTGWFKIF,TRGJP1*01,SRR22007493,Bukhari,Bukhari,NA,True,True,False,True,True
cell_585,AGGCCACAGCTCCTCT,NA,NA,NA,TRGV4*01,CATCYKKLF,TRGJ1*02|TRGJ2*01,SRR22007493,Bukhari,Bukhari,NA,True,True,False,True,True
cell_586,AGTAGTCTAGCTGTAT,NA,NA,NA,TRGV9*01,CALWEVRRKLF,TRGJ1*02|TRGJ2*01,SRR22007493,Bukhari,Bukhari,NA,True,True,False,True,True
cell_587,ATTCTACCACCGTTGG,TRDV2*01,CACDTVGGYIDKLIF,TRDJ1*01,NA,NA,NA,SRR22007493,Bukhari,Bukhari,True,NA,True,True,False,True
cell_588,CAACCAATGTATCTTA,NA,NA,NA,TRGV4*01,CATWDVIYKKLF,TRGJ1*02|TRGJ2*01,SRR22007493,Bukhari,Bukhari,NA,True,True,False,True,True
cell_589,CACCACTTAATAGAGT,NA,NA,NA,TRGV10*02,CAAWESHYYKKLF,TRGJ1*02|TRGJ2*01,SRR22007493,Bukhari,Bukhari,NA,True,True,False,True,True
cell_590,CATGACAATGTATCTT,NA,NA,NA,TRGV2*02,CATWDNQKKLF,TRGJ1*01,SRR22007493,Bukhari,Bukhari,NA,True,True,False,True,True
cell_591,CATGGCGATACATCTG,NA,NA,NA,TRGV3*01,CATWDRPGGYYKKLF,TRGJ1*02|TRGJ2*01,SRR22007493,Bukhari,Bukhari,NA,True,True,False,True,True
cell_592,CGACTTCAGCCAACAG,TRDV2*01,CACDTVGGYTDKLIF,TRDJ1*01,NA,NA,NA,SRR22007493,Bukhari,Bukhari,True,NA,True,True,False,True
cell_593,CTGCGGAGTCCAGTGC,NA,NA,NA,TRGV4*01,CATWDGKKLF,TRGJ1*02|TRGJ2*01,SRR22007493,Bukhari,Bukhari,NA,True,True,False,True,True
cell_594,GCATCAAGTTGTTTAT,NA,NA,NA,TRGV4*01,CATWEGPRETTGWFKIF,TRGJP1*01,SRR22007493,Bukhari,Bukhari,NA,True,True,False,True,True
cell_595,GCATGTCATGCAACTG,NA,NA,NA,TRGV2*01,CATWDGRTYYKKLF,TRGJ1*01,SRR22007493,Bukhari,Bukhari,NA,True,True,False,True,True
cell_596,GCTCTGTGTATCTTAA,NA,NA,NA,TRGV4*01,CATKKLF,TRGJ1*01,SRR22007493,Bukhari,Bukhari,NA,True,True,False,True,True
cell_597,GTCATTTAGTACGATA,NA,NA,NA,TRGV8*01,CATWANTGWFKIF,TRGJP1*01,SRR22007493,Bukhari,Bukhari,NA,True,True,False,True,True
cell_598,GTCTTCGAGCCCTAAT,TRDV2*01,CACDTVGGMVTDKLIF,TRDJ1*01,NA,NA,NA,SRR22007493,Bukhari,Bukhari,True,NA,True,True,False,True
cell_599,GTCTTCGTGGTGTTCC,NA,NA,NA,TRGV10*02,CAAWDYYKKLF,TRGJ1*01,SRR22007493,Bukhari,Bukhari,NA,True,True,False,True,True
cell_600,GTGTTCTTTGTCCAGT,NA,NA,NA,TRGV9*01,CALWETRQELGKKIKVF,TRGJP*01,SRR22007493,Bukhari,Bukhari,NA,True,True,False,True,True
cell_601,TACCTTAGTCGAACAG,NA,NA,NA,TRGV9*01,CALWDQAYYKKLF,TRGJ1*01,SRR22007493,Bukhari,Bukhari,NA,True,True,False,True,True
cell_602,TACCTTATGTATCTTA,NA,NA,NA,TRGV10*01,CAACLKKLF,TRGJ1*02|TRGJ2*01,SRR22007493,Bukhari,Bukhari,NA,True,True,False,True,True
cell_603,TACTCATCCGATCTTA,NA,NA,NA,TRGV8*01,CATWALYYKKLF,TRGJ1*01,SRR22007493,Bukhari,Bukhari,NA,True,True,False,True,True
cell_604,TATGCCCCAAACTCTT,TRDV1*01,CALGEQGVARSTDKLIF,TRDJ1*01,NA,NA,NA,SRR22007493,Bukhari,Bukhari,True,NA,True,True,False,True
cell_605,TCAGCAATCACCTTAT,TRDV2*01,CACDKMGDHDTDKLIF,TRDJ1*01,NA,NA,NA,SRR22007493,Bukhari,Bukhari,True,NA,True,True,False,True
cell_606,TCTTTCCAATGTATCT,NA,NA,NA,TRGV5*01,CATWDRIHKKLF,TRGJ1*01,SRR22007493,Bukhari,Bukhari,NA,True,True,False,True,True
cell_607,TGCCAATGTATCTTAA,NA,NA,NA,TRGV10*01,CAAVGGTTGWFKIF,TRGJP1*01,SRR22007493,Bukhari,Bukhari,NA,True,True,False,True,True
cell_608,TGCCAGTGTATCTTAA,NA,NA,NA,TRGV9*01,CALWEVLQELGKKIKVF,TRGJP*01,SRR22007493,Bukhari,Bukhari,NA,True,True,False,True,True
cell_609,TGCCCATGTATCTTAA,NA,NA,NA,TRGV9*01,CALWEVQELGKKIKVF,TRGJP*01,SRR22007493,Bukhari,Bukhari,NA,True,True,False,True,True
cell_610,TTCTCATGTCTGACGA,NA,NA,NA,TRGV2*01,CATWDGPHGDYYKKLF,TRGJ1*02|TRGJ2*01,SRR22007493,Bukhari,Bukhari,NA,True,True,False,True,True
cell_611,TTCTTGCCAATGTATC,NA,NA,NA,TRGV8*01,CATRDYYKKLF,TRGJ1*01,SRR22007493,Bukhari,Bukhari,NA,True,True,False,True,True
cell_612,TTTGGTTTTACGTGAT,TRDV2*01,CACDTIQIGGYDDTDKLIF,TRDJ1*01,NA,NA,NA,SRR22007493,Bukhari,Bukhari,True,NA,True,True,False,True
cell_613,AACCATGTATCTTAAT,NA,NA,NA,TRGV9*01,CALWEVLDYYKKLF,TRGJ1*01,SRR22007494,Bukhari,Bukhari,NA,True,True,False,True,True
cell_614,AACTCTTCTTTTCTTG,NA,NA,NA,TRGV9*01,CALWEVLQELGKKIKVF,TRGJP*01,SRR22007494,Bukhari,Bukhari,NA,True,True,False,True,True
cell_615,ACATGGTCCGATCTAC,NA,NA,NA,TRGV2*01,CATWDGRTYYKKLF,TRGJ1*01,SRR22007494,Bukhari,Bukhari,NA,True,True,False,True,True
cell_616,ACGATGTCAGTATGCT,TRDV2*01,CACDTIGTRGYTDKLIF,TRDJ1*01,NA,NA,NA,SRR22007494,Bukhari,Bukhari,True,NA,True,True,False,True
cell_617,ACTATCTCAATAGCAA,NA,NA,NA,TRGV8*01,CATWDPYYKKLF,TRGJ1*01,SRR22007494,Bukhari,Bukhari,NA,True,True,False,True,True
cell_618,ACTGTCCTAACTGCTA,NA,NA,NA,TRGV9*01,CALWEVLDYYKKLF,TRGJ1*02|TRGJ2*01,SRR22007494,Bukhari,Bukhari,NA,True,True,False,True,True
cell_619,AGTCTTTTCTTGCCAA,NA,NA,NA,TRGV10*02,CAAWDWQKLF,TRGJ1*01,SRR22007494,Bukhari,Bukhari,NA,True,True,False,True,True
cell_620,CAGCTAAATTTCATGT,NA,NA,NA,TRGV4*01,CATWELNYYKKLF,TRGJ1*02|TRGJ2*01,SRR22007494,Bukhari,Bukhari,NA,True,True,False,True,True
cell_621,CATGGCGCAATGGTCT,NA,NA,NA,TRGV9*01,CALWEVRRKLF,TRGJ1*02|TRGJ2*01,SRR22007494,Bukhari,Bukhari,NA,True,True,False,True,True
cell_622,CCCAATCCATCCGTGG,TRDV2*01,CACDTVGGYTDKLVF,TRDJ1*01,NA,NA,NA,SRR22007494,Bukhari,Bukhari,True,NA,True,True,False,True
cell_623,CTGCTGTTCTTTGTCC,NA,NA,NA,TRGV8*01,CATWSNYYKKLF,TRGJ1*01,SRR22007494,Bukhari,Bukhari,NA,True,True,False,True,True
cell_624,CTGTGCTCTTCTTTTC,NA,NA,NA,TRGV10*01,CAGRSRYYKKLF,TRGJ1*01,SRR22007494,Bukhari,Bukhari,NA,True,True,False,True,True
cell_625,GACCTTACATCTGTGT,NA,NA,NA,TRGV9*01,CALWEVQELGKKIKVF,TRGJP*01,SRR22007494,Bukhari,Bukhari,NA,True,True,False,True,True
cell_626,GCACTCTTCTGGCACC,NA,NA,NA,TRGV3*01,CATWELKKLF,TRGJ1*01,SRR22007494,Bukhari,Bukhari,NA,True,True,False,True,True
cell_627,GCTCTGTGTATCTTAA,NA,NA,NA,TRGV4*01,CATKKLF,TRGJ1*02|TRGJ2*01,SRR22007494,Bukhari,Bukhari,NA,True,True,False,True,True
cell_628,GGCAATTGTATCTTAA,NA,NA,NA,TRGV5*01,CATWDRPGDWIKTF,TRGJP2*01,SRR22007494,Bukhari,Bukhari,NA,True,True,False,True,True
cell_629,GTACGTAAGAAACGAG,TRDV2*03,CACDTVGDTDKLIF,TRDJ1*01,NA,NA,NA,SRR22007494,Bukhari,Bukhari,True,NA,True,True,False,True
cell_630,GTCTTCATGGTGTTCC,NA,NA,NA,TRGV10*02,CAAWDYYKKLF,TRGJ1*01,SRR22007494,Bukhari,Bukhari,NA,True,True,False,True,True
cell_631,GTCTTCGCTTCAAAGT,TRDV2*01,CACDTVGGMVTDKLIF,TRDJ1*01,NA,NA,NA,SRR22007494,Bukhari,Bukhari,True,NA,True,True,False,True
cell_632,GTGTTCTTTGTCCAGT,NA,NA,NA,TRGV9*01,CALWETRQELGKKIKVF,TRGJP*01,SRR22007494,Bukhari,Bukhari,NA,True,True,False,True,True
cell_633,GTTCCAGCCTTCTGGA,NA,NA,NA,TRGV2*01,CATWDGSTGWFKIF,TRGJP1*01,SRR22007494,Bukhari,Bukhari,NA,True,True,False,True,True
cell_634,TACCTATTCACTTATC,TRDV2*01,CACDTVGGYTDKLIF,TRDJ1*01,NA,NA,NA,SRR22007494,Bukhari,Bukhari,True,NA,True,True,False,True
cell_635,TACTTGCCAATGTATC,NA,NA,NA,TRGV4*02,CATWDANYYKKLF,TRGJ1*01,SRR22007494,Bukhari,Bukhari,NA,True,True,False,True,True
cell_636,TAGTGGTTCCACGAAT,NA,NA,NA,TRGV9*01,CALWEEGELGKKIKVF,TRGJP*01,SRR22007494,Bukhari,Bukhari,NA,True,True,False,True,True
cell_637,TAGTGTTGCTCTTCTT,NA,NA,NA,TRGV2*01,CATWDAGRFGGKKLF,TRGJ1*02|TRGJ2*01,SRR22007494,Bukhari,Bukhari,NA,True,True,False,True,True
cell_638,TATCTCATGTCTGACG,NA,NA,NA,TRGV3*01,CATWDSYPRYNYYKKLF,TRGJ1*01,SRR22007494,Bukhari,Bukhari,NA,True,True,False,True,True
cell_639,TCAGCAATGTATCTTA,NA,NA,NA,TRGV9*01,CALWEVQNYYKKLF,TRGJ1*01,SRR22007494,Bukhari,Bukhari,NA,True,True,False,True,True
cell_640,TGGGATGCACTGTCGG,NA,NA,NA,TRGV9*01,CALWEDSEELGKKIKVF,TRGJP*01,SRR22007494,Bukhari,Bukhari,NA,True,True,False,True,True
cell_641,TGTCCCAATGTATCTT,NA,NA,NA,TRGV2*01,CATWDGRTYYKKLF,TRGJ1*02|TRGJ2*01,SRR22007494,Bukhari,Bukhari,NA,True,True,False,True,True
cell_642,AACTCTGTTATCTTCT,TRDV2*01,CDTVGGYTDKLIF,TRDJ1*01,NA,NA,NA,SRR22007495,Bukhari,Bukhari,True,NA,True,True,False,True
cell_643,ACAGCCGTCCCTGCCA,TRDV2*01,CACDTIGTRGYTDKLIF,TRDJ1*01,NA,NA,NA,SRR22007495,Bukhari,Bukhari,True,NA,True,True,False,True
cell_644,ACCCACTGGGAGAGAT,TRDV2*01,CDTIGTRGYTDKLIF,TRDJ1*01,NA,NA,NA,SRR22007495,Bukhari,Bukhari,True,NA,True,True,False,True
cell_645,ACCGTAAAGTTAAGTG,TRDV2*01,CACDALGDTQLIF,TRDJ2*01,NA,NA,NA,SRR22007495,Bukhari,Bukhari,True,NA,True,True,False,True
cell_646,ACGCCAGTGTATCTTA,NA,NA,NA,TRGV9*01,CALWEVHISAKKLF,TRGJ1*01,SRR22007495,Bukhari,Bukhari,NA,True,True,False,True,True
cell_647,ACGTAGAAGTACATGA,NA,NA,NA,TRGV2*03,CATWDGGSICKKLF,TRGJ1*02|TRGJ2*01,SRR22007495,Bukhari,Bukhari,NA,True,True,False,True,True
cell_648,ACTGATGGTGCCTGCA,NA,NA,NA,TRGV1*01,CATWDRTKKLF,TRGJ1*02|TRGJ2*01,SRR22007495,Bukhari,Bukhari,NA,True,True,False,True,True
cell_649,ACTTGTTTCTACGAGT,NA,NA,NA,TRGV9*01,CALWEAQELGKKIKVF,TRGJP*01,SRR22007495,Bukhari,Bukhari,NA,True,True,False,True,True
cell_650,ATCTGCCAATGTATCT,NA,NA,NA,TRGV9*01,CALWEEELGKKIKVF,TRGJP*01,SRR22007495,Bukhari,Bukhari,NA,True,True,False,True,True
cell_651,ATGTGTGGTCATCGGC,NA,NA,NA,TRGV9*01,CALWEVLDYYKKLF,TRGJ1*01,SRR22007495,Bukhari,Bukhari,NA,True,True,False,True,True
cell_652,CACACCTTCGAGAGCA,TRDV2*01,CACDTVGTTDKLIF,TRDJ1*01,NA,NA,NA,SRR22007495,Bukhari,Bukhari,True,NA,True,True,False,True
cell_653,CCATCTCTCATCATTC,NA,NA,NA,TRGV3*01,CATWESYYKKLF,TRGJ1*02|TRGJ2*01,SRR22007495,Bukhari,Bukhari,NA,True,True,False,True,True
cell_654,CCTAGGGATCCCAGAA,NA,NA,NA,TRGV2*01,CATWDGPHGDYYKKLF,TRGJ1*02|TRGJ2*01,SRR22007495,Bukhari,Bukhari,NA,True,True,False,True,True
cell_655,CGCCAAGTCGGCGCTA,NA,NA,NA,TRGV8*01,CATWDTLHYKKLF,TRGJ1*01,SRR22007495,Bukhari,Bukhari,NA,True,True,False,True,True
cell_656,CGGACACGTAAGGGCT,NA,NA,NA,TRGV10*02,CAAWGFLSNYYKKLF,TRGJ1*02|TRGJ2*01,SRR22007495,Bukhari,Bukhari,NA,True,True,False,True,True
cell_657,CTACCCACTGGGAGAG,TRDV2*01,CACDTVGGYTDKLIF,TRDJ1*01,NA,NA,NA,SRR22007495,Bukhari,Bukhari,True,NA,True,True,False,True
cell_658,CTCCTAGTCCTAGTGA,NA,NA,NA,TRGV9*01,CALWEVDYYKKLF,TRGJ1*01,SRR22007495,Bukhari,Bukhari,NA,True,True,False,True,True
cell_659,CTCTGATAGCTAACAA,NA,NA,NA,TRGV10*01,CAAWFPQDYYKKLF,TRGJ1*01,SRR22007495,Bukhari,Bukhari,NA,True,True,False,True,True
cell_660,CTGCCTATGTATCTTA,NA,NA,NA,TRGV10*01,CAAVGGTTGWFKIF,TRGJP1*01,SRR22007495,Bukhari,Bukhari,NA,True,True,False,True,True
cell_661,CTTACCGATGTATCTT,NA,NA,NA,TRGV3*01,CATWALYYKKLF,TRGJ1*01,SRR22007495,Bukhari,Bukhari,NA,True,True,False,True,True
cell_662,GACAGAGAGAGTCTGG,NA,NA,NA,TRGV4*01,CATWDGFYYYKKLF,TRGJ1*02|TRGJ2*01,SRR22007495,Bukhari,Bukhari,NA,True,True,False,True,True
cell_663,GATCGATTCGGCTACG,NA,NA,NA,TRGV3*01,CATSGTKKLF,TRGJ1*02|TRGJ2*01,SRR22007495,Bukhari,Bukhari,NA,True,True,False,True,True
cell_664,GTATTCTTTGTCCAGT,NA,NA,NA,TRGV9*01,CALWEVRELGKKIKVF,TRGJP*01,SRR22007495,Bukhari,Bukhari,NA,True,True,False,True,True
cell_665,TACCTATCAATGACCT,TRDV2*01,CACDTLYRRDKLIF,TRDJ1*01,NA,NA,NA,SRR22007495,Bukhari,Bukhari,True,NA,True,True,False,True
cell_666,TAGACCAATGTATCTT,NA,NA,NA,TRGV4*01,CATWDEELF,TRGJ1*02|TRGJ2*01,SRR22007495,Bukhari,Bukhari,NA,True,True,False,True,True
cell_667,TATCAGGGTACCGGCA,NA,NA,NA,TRGV9*01,CALWDRYKKLF,TRGJ1*01,SRR22007495,Bukhari,Bukhari,NA,True,True,False,True,True
cell_668,TCTATTGCCAATGTAT,NA,NA,NA,TRGV3*01,CATWDPPVISWKLF,TRGJ1*02|TRGJ2*01,SRR22007495,Bukhari,Bukhari,NA,True,True,False,True,True
cell_669,TGACAACGTATCTTAA,NA,NA,NA,TRGV8*01,CHLGYRYYKKLF,TRGJ1*02|TRGJ2*01,SRR22007495,Bukhari,Bukhari,NA,True,True,False,True,True
cell_670,TGCACCTGTATCTTAA,NA,NA,NA,TRGV4*01,CATWESYYKKLF,TRGJ1*01,SRR22007495,Bukhari,Bukhari,NA,True,True,False,True,True
cell_671,TGCCAATGTATCTTAA,NA,NA,NA,TRGV10*02,CVGNRQGLF,TRGJ1*02|TRGJ2*01,SRR22007495,Bukhari,Bukhari,NA,True,True,False,True,True
cell_672,TGCCAGTGTATCTTAA,NA,NA,NA,TRGV8*01,CATSGTKKLF,TRGJ1*01,SRR22007495,Bukhari,Bukhari,NA,True,True,False,True,True
cell_673,ACAGCCGTCCCTGCCA,TRDV2*01,CACDTIGTRGYTDKLIF,TRDJ1*01,NA,NA,NA,SRR22007496,Bukhari,Bukhari,True,NA,True,True,False,True
cell_674,ACCGTAAAGTTAAGTG,TRDV2*01,CACDALGDTQLIF,TRDJ1*01,NA,NA,NA,SRR22007496,Bukhari,Bukhari,True,NA,True,True,False,True
cell_675,ATATGCCAATGTATCT,NA,NA,NA,TRGV9*01,CALWEEELGKKIKVF,TRGJP*01,SRR22007496,Bukhari,Bukhari,NA,True,True,False,True,True
cell_676,ATCATGGTCGAACGGA,NA,NA,NA,TRGV9*01,CALWETQELGKKIKVF,TRGJP*01,SRR22007496,Bukhari,Bukhari,NA,True,True,False,True,True
cell_677,ATGCCGATGTATCTTA,NA,NA,NA,TRGV10*02,CAAWDYGNYYKKLF,TRGJ1*01,SRR22007496,Bukhari,Bukhari,NA,True,True,False,True,True
cell_678,CAACCAACATAAAGGT,TRDV2*01,CDTGGYLTWDTRQMFF,TRDJ3*01,NA,NA,NA,SRR22007496,Bukhari,Bukhari,True,NA,True,True,False,True
cell_679,CAACTAGTCTTGTACT,NA,NA,NA,TRGV4*01,CATWDGFYYYKKLF,TRGJ1*01,SRR22007496,Bukhari,Bukhari,NA,True,True,False,True,True
cell_680,CAAGAAACAGGGCAAT,NA,NA,NA,TRGV4*01,CATWDSDWKKLF,TRGJ1*01,SRR22007496,Bukhari,Bukhari,NA,True,True,False,True,True
cell_681,CACCTTGCAATGGTCT,NA,NA,NA,TRGV9*01,CALWEVLDYYKKLF,TRGJ1*02|TRGJ2*01,SRR22007496,Bukhari,Bukhari,NA,True,True,False,True,True
cell_682,CAGCTAAATTTCATGT,NA,NA,NA,TRGV9*01,CALWEDYYKKLF,TRGJ1*01,SRR22007496,Bukhari,Bukhari,NA,True,True,False,True,True
cell_683,CATCAGAAGGAGTTGC,NA,NA,NA,TRGV10*02,CVGLWPSDYKKLF,TRGJ1*01,SRR22007496,Bukhari,Bukhari,NA,True,True,False,True,True
cell_684,CATCCATCATCGATGG,NA,NA,NA,TRGV8*01,CATWDSKKLF,TRGJ1*02|TRGJ2*01,SRR22007496,Bukhari,Bukhari,NA,True,True,False,True,True
cell_685,CCATGTCTGACGATAC,NA,NA,NA,TRGV4*01,CATWESYYKKLF,TRGJ1*01,SRR22007496,Bukhari,Bukhari,NA,True,True,False,True,True
cell_686,CCTACCAATGTATCTT,NA,NA,NA,TRGV9*01,CALWEVLQELGKKIKVF,TRGJP*01,SRR22007496,Bukhari,Bukhari,NA,True,True,False,True,True
cell_687,CCTAGGGATCCCAGAA,NA,NA,NA,TRGV2*01,CATWDGPHGDYYKKLF,TRGJ1*01,SRR22007496,Bukhari,Bukhari,NA,True,True,False,True,True
cell_688,CGAGCCAATGTATCTT,NA,NA,NA,TRGV2*01,CATWDGPEKLF,TRGJ1*01,SRR22007496,Bukhari,Bukhari,NA,True,True,False,True,True
cell_689,CGGACACGTAAGGGCT,NA,NA,NA,TRGV10*02,CAAWGFLSNYYKKLF,TRGJ1*02|TRGJ2*01,SRR22007496,Bukhari,Bukhari,NA,True,True,False,True,True
cell_690,CGTTAATGTATCTTAA,NA,NA,NA,TRGV4*01,CATWDGQQKLF,TRGJ1*02|TRGJ2*01,SRR22007496,Bukhari,Bukhari,NA,True,True,False,True,True
cell_691,CTACATTCACGGCTAC,NA,NA,NA,TRGV9*01,CALWEVGGYKKLF,TRGJ1*01,SRR22007496,Bukhari,Bukhari,NA,True,True,False,True,True
cell_692,CTCCTGGGATTTCTAC,NA,NA,NA,TRGV2*01,CATWDGRYKKLF,TRGJ1*01,SRR22007496,Bukhari,Bukhari,NA,True,True,False,True,True
cell_693,CTGCCTATGTATCTTA,NA,NA,NA,TRGV8*01,CATWALYYKKLF,TRGJ1*01,SRR22007496,Bukhari,Bukhari,NA,True,True,False,True,True
cell_694,CTGCTGTATCTTAATA,NA,NA,NA,TRGV9*01,CALWTPPTGYKKLF,TRGJ1*01,SRR22007496,Bukhari,Bukhari,NA,True,True,False,True,True
cell_695,CTTACCGATGTATCTT,NA,NA,NA,TRGV3*01,CATWALYYKKLF,TRGJ1*01,SRR22007496,Bukhari,Bukhari,NA,True,True,False,True,True
cell_696,CTTTGCGCACGAAAGC,NA,NA,NA,TRGV9*01,CALWEVLDYYKKLF,TRGJ1*01,SRR22007496,Bukhari,Bukhari,NA,True,True,False,True,True
cell_697,GACCAATGTATCTTAA,NA,NA,NA,TRGV10*02,CAAWDYYKKLF,TRGJ1*01,SRR22007496,Bukhari,Bukhari,NA,True,True,False,True,True
cell_698,GACTACACAGCCAATT,TRDV2*01,CACDTVGGYTDKLIF,TRDJ1*01,NA,NA,NA,SRR22007496,Bukhari,Bukhari,True,NA,True,True,False,True
cell_699,GATTCAGTCAGAAATG,TRDV2*01,CACDTMDSPDKLIF,TRDJ1*01,NA,NA,NA,SRR22007496,Bukhari,Bukhari,True,NA,True,True,False,True
cell_700,GCACAATGTATCTTAA,NA,NA,NA,TRGV4*01,CATASHKKLF,TRGJ1*01,SRR22007496,Bukhari,Bukhari,NA,True,True,False,True,True
cell_701,GCTTTGTTCACCTCGG,NA,NA,NA,TRGV5*01,CATWDRTLMVGKKLF,TRGJ1*01,SRR22007496,Bukhari,Bukhari,NA,True,True,False,True,True
cell_702,GGAGCAAAGTGCGATG,NA,NA,NA,TRGV10*02,CAAWVDYKKLF,TRGJ1*01,SRR22007496,Bukhari,Bukhari,NA,True,True,False,True,True
cell_703,GTACTTTATTGGAGGA,NA,NA,NA,TRGV10*02,CAAWDYGIGELF,TRGJ1*01,SRR22007496,Bukhari,Bukhari,NA,True,True,False,True,True
cell_704,GTGCATAGTCTCCATC,TRDV2*01,CACDPLLGIRTDKLIF,TRDJ1*01,NA,NA,NA,SRR22007496,Bukhari,Bukhari,True,NA,True,True,False,True
cell_705,GTGCTAATGTATCTTA,NA,NA,NA,TRGV3*01,CHLGPGGKLF,TRGJ1*02|TRGJ2*01,SRR22007496,Bukhari,Bukhari,NA,True,True,False,True,True
cell_706,GTGTTCTTTGTCCAGT,NA,NA,NA,TRGV3*01,CATWARGKLF,TRGJ1*02|TRGJ2*01,SRR22007496,Bukhari,Bukhari,NA,True,True,False,True,True
cell_707,TACCTATCAATGACCT,TRDV2*01,CACDTLYRRDKLIF,TRDJ1*01,NA,NA,NA,SRR22007496,Bukhari,Bukhari,True,NA,True,True,False,True
cell_708,TACCTTATGTATCTTA,NA,NA,NA,TRGV4*01,CATWDGGYYKKLF,TRGJ1*02|TRGJ2*01,SRR22007496,Bukhari,Bukhari,NA,True,True,False,True,True
cell_709,TGACAACGTATCTTAA,NA,NA,NA,TRGV8*01,CHLGYRYYKKLF,TRGJ1*02|TRGJ2*01,SRR22007496,Bukhari,Bukhari,NA,True,True,False,True,True
cell_710,TGAGCCGGTATCTGCA,NA,NA,NA,TRGV9*01,CALWEVANWYKKLF,TRGJ1*01,SRR22007496,Bukhari,Bukhari,NA,True,True,False,True,True
cell_711,TGCCAATGTATCTTAA,NA,NA,NA,TRGV10*01,CAAWFPQDYYKKLF,TRGJ1*02|TRGJ2*01,SRR22007496,Bukhari,Bukhari,NA,True,True,False,True,True
cell_712,TGCCAGTGTATCTTAA,NA,NA,NA,TRGV8*01,CATSGTKKLF,TRGJ1*02|TRGJ2*01,SRR22007496,Bukhari,Bukhari,NA,True,True,False,True,True
cell_713,TGCCCTATGTATCTTA,NA,NA,NA,TRGV10*02,CAAWENYYKKLF,TRGJ1*01,SRR22007496,Bukhari,Bukhari,NA,True,True,False,True,True
cell_714,TGCGGATGTATCTTAA,NA,NA,NA,TRGV9*01,CALWEVQNYYKKLF,TRGJ1*01,SRR22007496,Bukhari,Bukhari,NA,True,True,False,True,True
cell_715,TGCTTCTGTATCTTAA,NA,NA,NA,TRGV3*01,CATWDTDYKKLF,TRGJ1*02|TRGJ2*01,SRR22007496,Bukhari,Bukhari,NA,True,True,False,True,True
cell_716,TGGCCAGTGTATCTTA,NA,NA,NA,TRGV9*01,CALWDRELGKKIKVF,TRGJP*01,SRR22007496,Bukhari,Bukhari,NA,True,True,False,True,True
cell_717,TTGCCGTTAACCAGCT,NA,NA,NA,TRGV8*01,CATWDTLRKLF,TRGJ1*02|TRGJ2*01,SRR22007496,Bukhari,Bukhari,NA,True,True,False,True,True
cell_718,TTGGCAATGTATCTTA,NA,NA,NA,TRGV9*01,CALWEETKKLF,TRGJ1*02|TRGJ2*01,SRR22007496,Bukhari,Bukhari,NA,True,True,False,True,True
cell_719,TTGTAGGTCGCGGATC,NA,NA,NA,TRGV9*01,CALWDSGKHF,TRGJ1*01,SRR22007496,Bukhari,Bukhari,NA,True,True,False,True,True
cell_720,AACTCTTCTTTTCTTG,NA,NA,NA,TRGV2*01,CATWDGPFGILF,TRGJ1*01,SRR22007497,Bukhari,Bukhari,NA,True,True,False,True,True
cell_721,AAGTCTGTCTTTATTG,NA,NA,NA,TRGV2*03,CATWDVGYKKLF,TRGJ1*01,SRR22007497,Bukhari,Bukhari,NA,True,True,False,True,True
cell_722,ACACCGGTCAAACCAC,NA,NA,NA,TRGV4*01,CATWDSKKLF,TRGJ1*01,SRR22007497,Bukhari,Bukhari,NA,True,True,False,True,True
cell_723,ACTCGCTCTGTTTGTT,NA,NA,NA,TRGV2*03,CATWDGPLSYYKKLF,TRGJ1*01,SRR22007497,Bukhari,Bukhari,NA,True,True,False,True,True
cell_724,ACTTACTCAGGAATCG,TRDV2*01,CACDTVGGYTDKLIF,TRDJ1*01,NA,NA,NA,SRR22007497,Bukhari,Bukhari,True,NA,True,True,False,True
cell_725,AGCCGATGTATCTTAA,NA,NA,NA,TRGV9*01,CALWEVLQELGKKIKVF,TRGJP*01,SRR22007497,Bukhari,Bukhari,NA,True,True,False,True,True
cell_726,AGCGTATGTATCTTAA,NA,NA,NA,TRGV4*01,CATWDVPGVAKLF,TRGJ1*01,SRR22007497,Bukhari,Bukhari,NA,True,True,False,True,True
cell_727,AGCTCCTCTCCTGGGA,NA,NA,NA,TRGV9*01,CALWEVGRVGLGKKIKVF,TRGJP*01,SRR22007497,Bukhari,Bukhari,NA,True,True,False,True,True
cell_728,AGCTCTCCTTTTCTTG,NA,NA,NA,TRGV3*01,CATWDKLGNYYKKLF,TRGJ1*01,SRR22007497,Bukhari,Bukhari,NA,True,True,False,True,True
cell_729,ATCATCTGTCTTTATT,NA,NA,NA,TRGV1*01,CATWDLQNYYKKLF,TRGJ1*02|TRGJ2*01,SRR22007497,Bukhari,Bukhari,NA,True,True,False,True,True
cell_730,CAGAATCAGTTGTTGC,NA,NA,NA,TRGV8*01,CATWDNSLYYKKLF,TRGJ1*02|TRGJ2*01,SRR22007497,Bukhari,Bukhari,NA,True,True,False,True,True
cell_731,CAGCTAATGTATCTTA,NA,NA,NA,TRGV4*01,CATWESYYKKLF,TRGJ1*01,SRR22007497,Bukhari,Bukhari,NA,True,True,False,True,True
cell_732,CATGCCTATGTATCTT,NA,NA,NA,TRGV10*01,CAASGEDNSWAKLF,TRGJ1*01,SRR22007497,Bukhari,Bukhari,NA,True,True,False,True,True
cell_733,CCATGTCAATGTATCT,NA,NA,NA,TRGV8*01,CATWDSKKLF,TRGJ1*02|TRGJ2*01,SRR22007497,Bukhari,Bukhari,NA,True,True,False,True,True
cell_734,CGCTATCAGAGCCCAA,TRDV2*01,CDTVRGAVSSFDKLIF,TRDJ1*01,NA,NA,NA,SRR22007497,Bukhari,Bukhari,True,NA,True,True,False,True
cell_735,CTCAGAATCGTTACGA,NA,NA,NA,TRGV3*01,CATWDRPGKLF,TRGJ1*02|TRGJ2*01,SRR22007497,Bukhari,Bukhari,NA,True,True,False,True,True
cell_736,CTGTGTTCTTTGTCCA,NA,NA,NA,TRGV4*01,CATWDEELF,TRGJ1*02|TRGJ2*01,SRR22007497,Bukhari,Bukhari,NA,True,True,False,True,True
cell_737,GAAACTCAGTACGTTC,NA,NA,NA,TRGV3*01,CATWDSYYKKLF,TRGJ1*01,SRR22007497,Bukhari,Bukhari,NA,True,True,False,True,True
cell_738,GACAGAGAGGCACATG,NA,NA,NA,TRGV4*01,CATWGYKKLF,TRGJ1*01,SRR22007497,Bukhari,Bukhari,NA,True,True,False,True,True
cell_739,GACCAATGTATCTTAA,NA,NA,NA,TRGV2*01,CATWGRNTTGWFKIF,TRGJP1*01,SRR22007497,Bukhari,Bukhari,NA,True,True,False,True,True
cell_740,GCATGTATCTTAATAA,NA,NA,NA,TRGV2*01,CATWDGPGTGWFKIF,TRGJP1*01,SRR22007497,Bukhari,Bukhari,NA,True,True,False,True,True
cell_741,GCTCTGTAGAAGGGTA,NA,NA,NA,TRGV10*02,CAAWDSLYYKKLF,TRGJ1*01,SRR22007497,Bukhari,Bukhari,NA,True,True,False,True,True
cell_742,GGGAATGTCAAGGTAA,NA,NA,NA,TRGV9*01,CALWEALNYYKKLF,TRGJ1*01,SRR22007497,Bukhari,Bukhari,NA,True,True,False,True,True
cell_743,GTCTTCGCTTCAAAGT,TRDV2*01,CACDTGWDTRQMFF,TRDJ3*01,NA,NA,NA,SRR22007497,Bukhari,Bukhari,True,NA,True,True,False,True
cell_744,GTCTTCGTGGTGTTCC,NA,NA,NA,TRGV4*01,CATWDGVTTGWFKIF,TRGJP1*01,SRR22007497,Bukhari,Bukhari,NA,True,True,False,True,True
cell_745,GTGTTGTTTGTCCAGT,NA,NA,NA,TRGV4*01,CATWDLYYKKLF,TRGJ1*01,SRR22007497,Bukhari,Bukhari,NA,True,True,False,True,True
cell_746,TAGCCGCATTAACCGA,NA,NA,NA,TRGV4*01,CATNTPGYYKKLF,TRGJ1*01,SRR22007497,Bukhari,Bukhari,NA,True,True,False,True,True
cell_747,TCAGATGGTAGCCTAT,TRDV2*01,CACDTAGPSAWDTRQMFF,TRDJ3*01,NA,NA,NA,SRR22007497,Bukhari,Bukhari,True,NA,True,True,False,True
cell_748,TCGTATTTACCAAGCT,TRDV2*01,CACDILLGDTHFIDKLIF,TRDJ1*01,NA,NA,NA,SRR22007497,Bukhari,Bukhari,True,NA,True,True,False,True
cell_749,TCTATTGGAGGAAAGA,NA,NA,NA,TRGV9*01,CALWEVLDYYKKLF,TRGJ1*02|TRGJ2*01,SRR22007497,Bukhari,Bukhari,NA,True,True,False,True,True
cell_750,TCTTCGCCAATGTATC,NA,NA,NA,TRGV3*01,CATWDTDYKKLF,TRGJ1*01,SRR22007497,Bukhari,Bukhari,NA,True,True,False,True,True
cell_751,TGACTTTGTATCTTAA,NA,NA,NA,TRGV9*01,CALWERELGKKIKVF,TRGJP*01,SRR22007497,Bukhari,Bukhari,NA,True,True,False,True,True
cell_752,TGCCAAATGTATCTTA,NA,NA,NA,TRGV3*01,CATWDGSDWIKTF,TRGJP2*01,SRR22007497,Bukhari,Bukhari,NA,True,True,False,True,True
cell_753,TGCCCTATGTATCTTA,NA,NA,NA,TRGV3*01,CATFWFKIF,TRGJP1*01,SRR22007497,Bukhari,Bukhari,NA,True,True,False,True,True
cell_754,TGGCCAGTGTATCTTA,NA,NA,NA,TRGV10*01,CAAVGGTTGWF,TRGJP1*01,SRR22007497,Bukhari,Bukhari,NA,True,True,False,True,True
cell_755,TTCTCAAGAAGACAAA,NA,NA,NA,TRGV9*01,CALWETQELGKKIKVF,TRGJP*01,SRR22007497,Bukhari,Bukhari,NA,True,True,False,True,True
cell_756,TTTATGCCAATGTATC,NA,NA,NA,TRGV4*01,CATWDGFYYYKKLF,TRGJ1*01,SRR22007497,Bukhari,Bukhari,NA,True,True,False,True,True
cell_757,AACCAGACAAGCGACA,TRDV2*01,CDTVGIVDKLIF,TRDJ1*01,NA,NA,NA,SRR22007498,Bukhari,Bukhari,True,NA,True,True,False,True
cell_758,AAGTCTGTGTCGTTAG,NA,NA,NA,TRGV5P*01,CATWGYKKLF,TRGJ1*02|TRGJ2*01,SRR22007498,Bukhari,Bukhari,NA,True,True,False,True,True
cell_759,AATCCAGTGTATCTTA,NA,NA,NA,TRGV9*01,CALWEVLDYYKKLF,TRGJ1*01,SRR22007498,Bukhari,Bukhari,NA,True,True,False,True,True
cell_760,AGTCTTTATTGGAGGA,NA,NA,NA,TRGV9*01,CALWEVLYKKLF,TRGJ1*01,SRR22007498,Bukhari,Bukhari,NA,True,True,False,True,True
cell_761,CAGATCAATTCCGTTT,NA,NA,NA,TRGV9*01,CALWEVRRKLF,TRGJ1*01,SRR22007498,Bukhari,Bukhari,NA,True,True,False,True,True
cell_762,CATGCCTATGTATCTT,NA,NA,NA,TRGV10*01,CAASGEDNSWAKLF,TRGJ1*01,SRR22007498,Bukhari,Bukhari,NA,True,True,False,True,True
cell_763,CATTATCCTCATTATC,NA,NA,NA,TRGV10*02,CAAWDGLF,TRGJ1*02|TRGJ2*01,SRR22007498,Bukhari,Bukhari,NA,True,True,False,True,True
cell_764,CCAATCCAGAATGTGT,TRDV2*01,CACDTVGGYTDKLIF,TRDJ1*01,NA,NA,NA,SRR22007498,Bukhari,Bukhari,True,NA,True,True,False,True
cell_765,CCACGGACACGGCCAT,TRDV2*01,CACDTVGGDKLIF,TRDJ1*01,NA,NA,NA,SRR22007498,Bukhari,Bukhari,True,NA,True,True,False,True
cell_766,CCATGTCTGACGATAC,NA,NA,NA,TRGV4*01,CATWDSKKLF,TRGJ1*01,SRR22007498,Bukhari,Bukhari,NA,True,True,False,True,True
cell_767,CCCTCCTGGGATCCCA,NA,NA,NA,TRGV3*01,CATWDRPGYYKKLF,TRGJ1*01,SRR22007498,Bukhari,Bukhari,NA,True,True,False,True,True
cell_768,CCTAGGGATCCCAGAA,NA,NA,NA,TRGV2*01,CATWDGPHGDYYKKLF,TRGJ1*01,SRR22007498,Bukhari,Bukhari,NA,True,True,False,True,True
cell_769,CCTTACGTCATGCATG,NA,NA,NA,TRGV9*01,CALWEVQELGKKIKVF,TRGJP*01,SRR22007498,Bukhari,Bukhari,NA,True,True,False,True,True
cell_770,CGTTAGATCCGAACGC,TRDV2*01,CACDILLGDTRMTAQLFF,TRDJ2*01,NA,NA,NA,SRR22007498,Bukhari,Bukhari,True,NA,True,True,False,True
cell_771,CTAACTTCTACCAGAC,TRDV2*01,CACDTSDGGPSSWDTRQMFF,TRDJ3*01,NA,NA,NA,SRR22007498,Bukhari,Bukhari,True,NA,True,True,False,True
cell_772,CTGAATTTCCTAGAAC,TRDV2*01,CATGVHKLIF,TRDJ1*01,NA,NA,NA,SRR22007498,Bukhari,Bukhari,True,NA,True,True,False,True
cell_773,CTGTGTTCTTTGTCCA,NA,NA,NA,TRGV4*01,CATWDEELF,TRGJ1*01,SRR22007498,Bukhari,Bukhari,NA,True,True,False,True,True
cell_774,CTTCTCTTGCCAATGT,NA,NA,NA,TRGV9*01,CALWEVRELGKKIKVF,TRGJP*01,SRR22007498,Bukhari,Bukhari,NA,True,True,False,True,True
cell_775,GACCAATGTATCTTAA,NA,NA,NA,TRGV2*01,CATWDGRTYYKKLF,TRGJ1*01,SRR22007498,Bukhari,Bukhari,NA,True,True,False,True,True
cell_776,GCATGTATCTTAATAA,NA,NA,NA,TRGV2*01,CATWDGPGTGWFKIF,TRGJP1*01,SRR22007498,Bukhari,Bukhari,NA,True,True,False,True,True
cell_777,GCCAAATGTATCTTAA,NA,NA,NA,TRGV2*01,CATWGYKKLF,TRGJ1*02|TRGJ2*01,SRR22007498,Bukhari,Bukhari,NA,True,True,False,True,True
cell_778,GCGCCAATCCCTAACC,NA,NA,NA,TRGV10*02,CVGSPPNYYKKLF,TRGJ1*02|TRGJ2*01,SRR22007498,Bukhari,Bukhari,NA,True,True,False,True,True
cell_779,GGCTCAAATTTCATGT,NA,NA,NA,TRGV10*02,CAAWDFPSWFKIF,TRGJP1*01,SRR22007498,Bukhari,Bukhari,NA,True,True,False,True,True
cell_780,GTCTTCGCTTCAAAGT,TRDV2*01,CACDTGWDTRQMFF,TRDJ3*01,NA,NA,NA,SRR22007498,Bukhari,Bukhari,True,NA,True,True,False,True
cell_781,TACATTAATAATATCT,NA,NA,NA,TRGV4*01,CATWDYKKLF,TRGJ1*01,SRR22007498,Bukhari,Bukhari,NA,True,True,False,True,True
cell_782,TGACTTTGTATCTTAA,NA,NA,NA,TRGV9*01,CALWERELGKKIKVF,TRGJP*01,SRR22007498,Bukhari,Bukhari,NA,True,True,False,True,True
cell_783,TGCCAATGTATCTTAA,NA,NA,NA,TRGV1*01,CATWDPSLGNYYKKLF,TRGJ1*01,SRR22007498,Bukhari,Bukhari,NA,True,True,False,True,True
cell_784,TGTCCATGTATCTTAA,NA,NA,NA,TRGV10*01,CAAVGGTTGWFKIF,TRGJP1*01,SRR22007498,Bukhari,Bukhari,NA,True,True,False,True,True
cell_785,TGTGTTCTTTGTCCAG,NA,NA,NA,TRGV1*01,CATWDSPNYYKKLF,TRGJ1*02|TRGJ2*01,SRR22007498,Bukhari,Bukhari,NA,True,True,False,True,True
cell_786,TTTATGCCAATGTATC,NA,NA,NA,TRGV4*01,CATWDGFYYYKKLF,TRGJ1*01,SRR22007498,Bukhari,Bukhari,NA,True,True,False,True,True
cell_787,ACACCAATCAGGCGAA,TRDV2*01,CACDTGDWGITDKLIF,TRDJ1*01,NA,NA,NA,SRR22007499,Bukhari,Bukhari,True,NA,True,True,False,True
cell_788,AGCTTGACAATGTATC,NA,NA,NA,TRGV9*01,CALWEVQELGKKIKVF,TRGJP*01,SRR22007499,Bukhari,Bukhari,NA,True,True,False,True,True
cell_789,AGTCTTTTCCAGGGCT,NA,NA,NA,TRGV4*01,CATWDGSYYKKLF,TRGJ1*02|TRGJ2*01,SRR22007499,Bukhari,Bukhari,NA,True,True,False,True,True
cell_790,CACTCCACATGGAATA,NA,NA,NA,TRGV3*01,CATPQELGKKIKVF,TRGJP*01,SRR22007499,Bukhari,Bukhari,NA,True,True,False,True,True
cell_791,CAGAAAGTTCGTGATT,NA,NA,NA,TRGV9*01,CALWEVLDYYKKLF,TRGJ1*01,SRR22007499,Bukhari,Bukhari,NA,True,True,False,True,True
cell_792,CAGCCAATGTATCTTA,NA,NA,NA,TRGV9*01,CALWEVLDYYKKLF,TRGJ1*02|TRGJ2*01,SRR22007499,Bukhari,Bukhari,NA,True,True,False,True,True
cell_793,CAGGTGCCATTGGTAC,NA,NA,NA,TRGV8*01,CATWDLNYYKKLF,TRGJ1*01,SRR22007499,Bukhari,Bukhari,NA,True,True,False,True,True
cell_794,CATTATCCAGTCGTGC,NA,NA,NA,TRGV10*02,CAAWDLF,TRGJ1*02|TRGJ2*01,SRR22007499,Bukhari,Bukhari,NA,True,True,False,True,True
cell_795,CCTAAAGCATATACGC,NA,NA,NA,TRGV10*02,CAAWDPNYYKKLF,TRGJ1*01,SRR22007499,Bukhari,Bukhari,NA,True,True,False,True,True
cell_796,CCTGCCTGTAGAGTGC,NA,NA,NA,TRGV2*01,CATWDGSKKLF,TRGJ1*01,SRR22007499,Bukhari,Bukhari,NA,True,True,False,True,True
cell_797,CCTTCCCAATGTATCT,NA,NA,NA,TRGV4*01,CATWDGFYYYKKLF,TRGJ1*02|TRGJ2*01,SRR22007499,Bukhari,Bukhari,NA,True,True,False,True,True
cell_798,CGTTAGAAGATATACG,TRDV2*01,CACDTVGGDKLIF,TRDJ1*01,NA,NA,NA,SRR22007499,Bukhari,Bukhari,True,NA,True,True,False,True
cell_799,CTACATTCAAGCCATT,TRDV2*01,CACDPAESSWDTRQMF,TRDJ3*01,NA,NA,NA,SRR22007499,Bukhari,Bukhari,True,NA,True,True,False,True
cell_800,CTACGTCCCCAATGTA,NA,NA,NA,TRGV3*01,CATWPSNYYKKLF,TRGJ1*02|TRGJ2*01,SRR22007499,Bukhari,Bukhari,NA,True,True,False,True,True
cell_801,GAAGCAGCATGCTGGC,TRDV2*01,CACDTGGGLSWDTRQMFF,TRDJ3*01,NA,NA,NA,SRR22007499,Bukhari,Bukhari,True,NA,True,True,False,True
cell_802,GACCAATCAAGCTGGA,NA,NA,NA,TRGV9*01,CALWEDRELGKKIKVF,TRGJP*01,SRR22007499,Bukhari,Bukhari,NA,True,True,False,True,True
cell_803,GACGGCTGTAGTAGTA,TRDV2*01,CACDTIGTRGYTDKLIF,TRDJ1*01,NA,NA,NA,SRR22007499,Bukhari,Bukhari,True,NA,True,True,False,True
cell_804,GATTCAGGTGAGTGAC,NA,NA,NA,TRGV8*01,CATWDKSDWIKTF,TRGJP2*01,SRR22007499,Bukhari,Bukhari,NA,True,True,False,True,True
cell_805,GCAAATCAAGAAAGGT,NA,NA,NA,TRGV9*01,CALWEVSELGKKIKVF,TRGJP*01,SRR22007499,Bukhari,Bukhari,NA,True,True,False,True,True
cell_806,GCCAATGTATCTTAAT,NA,NA,NA,TRGV10*02,CAAWDPPQRLFYKKLF,TRGJ1*01,SRR22007499,Bukhari,Bukhari,NA,True,True,False,True,True
cell_807,GCGCCAAAGCAATATG,NA,NA,NA,TRGV4*01,CATWGYKKLF,TRGJ1*01,SRR22007499,Bukhari,Bukhari,NA,True,True,False,True,True
cell_808,GCGCCAATGTATCTTA,NA,NA,NA,TRGV2*01,CATWDALNYYKKLF,TRGJ1*02|TRGJ2*01,SRR22007499,Bukhari,Bukhari,NA,True,True,False,True,True
cell_809,GGGAGAGATGACAATA,TRDV2*01,CACDTLGVDGYTDKLIF,TRDJ1*01,NA,NA,NA,SRR22007499,Bukhari,Bukhari,True,NA,True,True,False,True
cell_810,GGGAGATCAGATGGGT,NA,NA,NA,TRGV10*02,CAAWDSGVYYKKLF,TRGJ1*01,SRR22007499,Bukhari,Bukhari,NA,True,True,False,True,True
cell_811,GTACGAATCTGTCTTC,TRDV2*01,CACDGLLGDTRSTDKLIF,TRDJ1*01,NA,NA,NA,SRR22007499,Bukhari,Bukhari,True,NA,True,True,False,True
cell_812,GTTTCTTTGTCCAGTG,NA,NA,NA,TRGV1*01,CATWDLYYKKLF,TRGJ1*02|TRGJ2*01,SRR22007499,Bukhari,Bukhari,NA,True,True,False,True,True
cell_813,TACCTATGTATCTTAA,NA,NA,NA,TRGV8*01,CATWDKWYYKKLF,TRGJ1*02|TRGJ2*01,SRR22007499,Bukhari,Bukhari,NA,True,True,False,True,True
cell_814,TCTGGATGACACGAGA,TRDV2*01,CACDTVGGYTDKLIF,TRDJ1*01,NA,NA,NA,SRR22007499,Bukhari,Bukhari,True,NA,True,True,False,True
cell_815,TGACAACGTATCTTAA,NA,NA,NA,TRGV2*02,CATWALYYKKLF,TRGJ1*02|TRGJ2*01,SRR22007499,Bukhari,Bukhari,NA,True,True,False,True,True
cell_816,TGCACCTGTATCTTAA,NA,NA,NA,TRGV4*02,CATWDEELF,TRGJ1*02|TRGJ2*01,SRR22007499,Bukhari,Bukhari,NA,True,True,False,True,True
cell_817,TGCCAGTGTATCTTAA,NA,NA,NA,TRGV2*01,CATWDGPGTGWFKIF,TRGJP1*01,SRR22007499,Bukhari,Bukhari,NA,True,True,False,True,True
cell_818,TGCCCATGTATCTTAA,NA,NA,NA,TRGV2*03,CATPSDHYYKKLF,TRGJ1*01,SRR22007499,Bukhari,Bukhari,NA,True,True,False,True,True
cell_819,TGCTGCTGTATCTTAA,NA,NA,NA,TRGV5*01,CATWEALDKKLF,TRGJ1*02|TRGJ2*01,SRR22007499,Bukhari,Bukhari,NA,True,True,False,True,True
cell_820,TGTCCAGTGACTCTTC,NA,NA,NA,TRGV10*02,CAAWDRTGYKKLF,TRGJ1*02|TRGJ2*01,SRR22007499,Bukhari,Bukhari,NA,True,True,False,True,True
cell_821,TGTCCCAAGCACGCCT,TRDV2*01,CACDIWGINTDKLIF,TRDJ1*01,NA,NA,NA,SRR22007499,Bukhari,Bukhari,True,NA,True,True,False,True
cell_822,TGTCCCAATGTATCTT,NA,NA,NA,TRGV10*02,CAAWVVYYKKLF,TRGJ1*02|TRGJ2*01,SRR22007499,Bukhari,Bukhari,NA,True,True,False,True,True
cell_823,TTCCCAGTGACTCTTC,NA,NA,NA,TRGV10*02,CAAWEPNYYKKLF,TRGJ1*01,SRR22007499,Bukhari,Bukhari,NA,True,True,False,True,True
cell_824,TTGCCAATGTATCTTA,NA,NA,NA,TRGV9*01,CALWEATEQELGKKIKVF,TRGJP*01,SRR22007499,Bukhari,Bukhari,NA,True,True,False,True,True
cell_825,TTGTCAAGACTCGGAC,NA,NA,NA,TRGV5P*01,CATWGYKKLF,TRGJ1*02|TRGJ2*01,SRR22007499,Bukhari,Bukhari,NA,True,True,False,True,True
cell_826,TTTACTGCCAATGTAT,NA,NA,NA,TRGV2*01,CATWDGPEKLF,TRGJ1*01,SRR22007499,Bukhari,Bukhari,NA,True,True,False,True,True
cell_827,TTTGACAGTGACTCTT,NA,NA,NA,TRGV5P*02,CATWGYKKLF,TRGJ1*02|TRGJ2*01,SRR22007499,Bukhari,Bukhari,NA,True,True,False,True,True
cell_828,TTTGCGCTCTACCTGC,NA,NA,NA,TRGV2*03,CATWDGPPIPKKLF,TRGJ1*02|TRGJ2*01,SRR22007499,Bukhari,Bukhari,NA,True,True,False,True,True
cell_829,TTTGTATAACTGTCTT,NA,NA,NA,TRGV9*01,CALWEWGDYKKLF,TRGJ1*02|TRGJ2*01,SRR22007499,Bukhari,Bukhari,NA,True,True,False,True,True
cell_830,AAGTCTGACGATACAT,NA,NA,NA,TRGV3*01,CATWEPPFFYYKKLF,TRGJ1*01,SRR22007500,Bukhari,Bukhari,NA,True,True,False,True,True
cell_831,ACGATACTCAGTCCCT,NA,NA,NA,TRGV9*01,CALWEVQELGKKIKVF,TRGJP*01,SRR22007500,Bukhari,Bukhari,NA,True,True,False,True,True
cell_832,ACGCCAGTGTATCTTA,NA,NA,NA,TRGV2*01,CHLGRTRDWSSDWIKTF,TRGJP2*01,SRR22007500,Bukhari,Bukhari,NA,True,True,False,True,True
cell_833,ACGGAGACAGGGAATG,NA,NA,NA,TRGV1*01,CATWDTASYYKKLF,TRGJ1*02|TRGJ2*01,SRR22007500,Bukhari,Bukhari,NA,True,True,False,True,True
cell_834,AGGCCACTGTATCTTA,NA,NA,NA,TRGV9*01,CALWEGQELGKKIKVF,TRGJP*01,SRR22007500,Bukhari,Bukhari,NA,True,True,False,True,True
cell_835,AGGTCCGAGTCGATAA,TRDV2*01,CACDTVGGYTDKLIF,TRDJ1*01,NA,NA,NA,SRR22007500,Bukhari,Bukhari,True,NA,True,True,False,True
cell_836,AGTCTTTTCCAGGGCT,NA,NA,NA,TRGV4*01,CATWDGSYYKKLF,TRGJ1*02|TRGJ2*01,SRR22007500,Bukhari,Bukhari,NA,True,True,False,True,True
cell_837,AGTTGGTCTTCATGGT,NA,NA,NA,TRGV9*01,CALWELQELGKKIKVF,TRGJP*01,SRR22007500,Bukhari,Bukhari,NA,True,True,False,True,True
cell_838,CACTCCACATGGAATA,NA,NA,NA,TRGV3*01,CATPQELGKKIKVF,TRGJP*01,SRR22007500,Bukhari,Bukhari,NA,True,True,False,True,True
cell_839,CAGCCAATGTATCTTA,NA,NA,NA,TRGV2*01,CATWDGPHGDYYKKLF,TRGJ1*01,SRR22007500,Bukhari,Bukhari,NA,True,True,False,True,True
cell_840,CATATCTTAATAATAT,NA,NA,NA,TRGV4*02,CATWESYYKKLF,TRGJ1*01,SRR22007500,Bukhari,Bukhari,NA,True,True,False,True,True
cell_841,CCTTCCCAATGTATCT,NA,NA,NA,TRGV4*02,CATWDGFYYYKKLF,TRGJ1*02|TRGJ2*01,SRR22007500,Bukhari,Bukhari,NA,True,True,False,True,True
cell_842,CGGACTGACTTTGTTC,NA,NA,NA,TRGV8*01,CATWGSKKLF,TRGJ1*01,SRR22007500,Bukhari,Bukhari,NA,True,True,False,True,True
cell_843,CGTTAGAAGATATACG,TRDV2*01,CACDTVGGDKLIF,TRDJ1*01,NA,NA,NA,SRR22007500,Bukhari,Bukhari,True,NA,True,True,False,True
cell_844,CGTTCTGGCACCGTTA,NA,NA,NA,TRGV3*01,CATWDLNYYKKLF,TRGJ1*02|TRGJ2*01,SRR22007500,Bukhari,Bukhari,NA,True,True,False,True,True
cell_845,CTAGAGTCATTACGAC,NA,NA,NA,TRGV4*01,CAPREKLF,TRGJ1*01,SRR22007500,Bukhari,Bukhari,NA,True,True,False,True,True
cell_846,CTCGAAAGTTGTGGCC,NA,NA,NA,TRGV10*02,CAAWDYGGLLF,TRGJ1*02|TRGJ2*01,SRR22007500,Bukhari,Bukhari,NA,True,True,False,True,True
cell_847,GACCAATGTTCGAATC,NA,NA,NA,TRGV9*01,CALWEVLDYYKKLF,TRGJ1*02|TRGJ2*01,SRR22007500,Bukhari,Bukhari,NA,True,True,False,True,True
cell_848,GACTGCGTCCGGCACA,NA,NA,NA,TRGV3*01,CHLATKKLF,TRGJ1*02|TRGJ2*01,SRR22007500,Bukhari,Bukhari,NA,True,True,False,True,True
cell_849,GAGGTGAGTCCAACTA,TRDV2*01,CACDTLPGGYGIGTDKLIF,TRDJ1*01,NA,NA,NA,SRR22007500,Bukhari,Bukhari,True,NA,True,True,False,True
cell_850,GCAAATCAAGAAAGGT,NA,NA,NA,TRGV9*01,CALWEVSELGKKIKVF,TRGJP*01,SRR22007500,Bukhari,Bukhari,NA,True,True,False,True,True
cell_851,GCCAATGTATCTTAAT,NA,NA,NA,TRGV10*02,CAAWDPPQRLFYKKLF,TRGJ1*02|TRGJ2*01,SRR22007500,Bukhari,Bukhari,NA,True,True,False,True,True
cell_852,GCGCCAAAGCAATATG,NA,NA,NA,TRGV4*01,CATWGYKKLF,TRGJ1*01,SRR22007500,Bukhari,Bukhari,NA,True,True,False,True,True
cell_853,GCTTCCAATGTATCTT,NA,NA,NA,TRGV4*01,CATWGFHYKKLF,TRGJ1*01,SRR22007500,Bukhari,Bukhari,NA,True,True,False,True,True
cell_854,GCTTCCATCCGATATG,NA,NA,NA,TRGV2*03,CATWDGPRSDWIKTF,TRGJP2*01,SRR22007500,Bukhari,Bukhari,NA,True,True,False,True,True
cell_855,GCTTGAACGATCTGCT,NA,NA,NA,TRGV9*01,CGRSLWPEKLF,TRGJ1*02|TRGJ2*01,SRR22007500,Bukhari,Bukhari,NA,True,True,False,True,True
cell_856,GTACTTTCACCACCAG,TRDV2*01,CACDPFTGGFQHTDKLIF,TRDJ1*01,NA,NA,NA,SRR22007500,Bukhari,Bukhari,True,NA,True,True,False,True
cell_857,GTAGAATCTGTCTTCA,TRDV2*01,CDTGGGLSWDTRQMFF,TRDJ3*01,NA,NA,NA,SRR22007500,Bukhari,Bukhari,True,NA,True,True,False,True
cell_858,GTCTTCATGGTGTTCC,NA,NA,NA,TRGV2*01,CATWGNYYKKLF,TRGJ1*02|TRGJ2*01,SRR22007500,Bukhari,Bukhari,NA,True,True,False,True,True
cell_859,GTGCGGTGACTCTTCT,NA,NA,NA,TRGV1*01,CATWADFRYKKLF,TRGJ1*02|TRGJ2*01,SRR22007500,Bukhari,Bukhari,NA,True,True,False,True,True
cell_860,GTTTCTTTGTCCAGTG,NA,NA,NA,TRGV1*01,CATWDLYYKKLF,TRGJ1*02|TRGJ2*01,SRR22007500,Bukhari,Bukhari,NA,True,True,False,True,True
cell_861,TACCTATGTATCTTAA,NA,NA,NA,TRGV8*01,CATWDKWYYKKLF,TRGJ1*01,SRR22007500,Bukhari,Bukhari,NA,True,True,False,True,True
cell_862,TATCAGGGAAAAATTT,NA,NA,NA,TRGV9*01,CALWEPLRPQELGKKIKVF,TRGJP*01,SRR22007500,Bukhari,Bukhari,NA,True,True,False,True,True
cell_863,TATCAGGGTTAAAGTG,TRDV2*01,CACDTGLGPLSWDTRQMFF,TRDJ3*01,TRGV9*01,CALWEPLRPQELGKKIKVF,TRGJP*01,SRR22007500,Bukhari,Bukhari,True,True,True,True,True,True
cell_864,TCTGGATGACACGAGA,TRDV2*01,CDTVGGYTDKLIF,TRDJ1*01,NA,NA,NA,SRR22007500,Bukhari,Bukhari,True,NA,True,True,False,True
cell_865,TGCAATGTATCTTAAT,NA,NA,NA,TRGV9*01,CKSWAKKIKVF,TRGJP*01,SRR22007500,Bukhari,Bukhari,NA,True,True,False,True,True
cell_866,TGCCAGTGTATCTTAA,NA,NA,NA,TRGV2*01,CATWDGPGTGWFKIF,TRGJP1*01,SRR22007500,Bukhari,Bukhari,NA,True,True,False,True,True
cell_867,TGCCCATGTAACGTTC,NA,NA,NA,TRGV4*01,CATWEGTNYYKKLF,TRGJ1*01,SRR22007500,Bukhari,Bukhari,NA,True,True,False,True,True
cell_868,TGCCCATGTATCTTAA,NA,NA,NA,TRGV3*01,CATPSDHYYKKLF,TRGJ1*01,SRR22007500,Bukhari,Bukhari,NA,True,True,False,True,True
cell_869,TGCTAGGTACCGAGAT,NA,NA,NA,TRGV8*01,CATWDRRKLF,TRGJ1*02|TRGJ2*01,SRR22007500,Bukhari,Bukhari,NA,True,True,False,True,True
cell_870,TGCTCATGTATCTTAA,NA,NA,NA,TRGV4*02,CATWDKPFYYKKLF,TRGJ1*02|TRGJ2*01,SRR22007500,Bukhari,Bukhari,NA,True,True,False,True,True
cell_871,TGCTGCTGTATCTTAA,NA,NA,NA,TRGV5*01,CATWEALDKKLF,TRGJ1*02|TRGJ2*01,SRR22007500,Bukhari,Bukhari,NA,True,True,False,True,True
cell_872,TGGTTAGAGCCCAACC,NA,NA,NA,TRGV10*02,CAAWDLYYKKLF,TRGJ1*02|TRGJ2*01,SRR22007500,Bukhari,Bukhari,NA,True,True,False,True,True
cell_873,TGTCCAATGTATCTTA,NA,NA,NA,TRGV3*01,CATWEGPRETTGWFKIF,TRGJP1*01,SRR22007500,Bukhari,Bukhari,NA,True,True,False,True,True
cell_874,TGTCCCAATGTATCTT,NA,NA,NA,TRGV10*02,CAAWVVYYKKLF,TRGJ1*02|TRGJ2*01,SRR22007500,Bukhari,Bukhari,NA,True,True,False,True,True
cell_875,TTGGCAATGTATCTTA,NA,NA,NA,TRGV4*01,CATWDKKLF,TRGJ1*02|TRGJ2*01,SRR22007500,Bukhari,Bukhari,NA,True,True,False,True,True
cell_876,TTTACTGCCAATGTAT,NA,NA,NA,TRGV2*01,CATWDGPEKLF,TRGJ1*02|TRGJ2*01,SRR22007500,Bukhari,Bukhari,NA,True,True,False,True,True
cell_877,TTTGTCAGTGACTCTT,NA,NA,NA,TRGV5P*01,CATWGYKKLF,TRGJ1*02|TRGJ2*01,SRR22007500,Bukhari,Bukhari,NA,True,True,False,True,True
cell_878,AACACGTGTGCCTTGG,NA,NA,NA,TRGV4*01,CATWANSSDWIKTF,TRGJP2*01,SRR22007501,Bukhari,Bukhari,NA,True,True,False,True,True
cell_879,AACCATGAGTGCGATG,TRDV2*01,CACDTVGIVDKLIF,TRDJ1*01,NA,NA,NA,SRR22007501,Bukhari,Bukhari,True,NA,True,True,False,True
cell_880,AGCCGATGTATCTTAA,NA,NA,NA,TRGV9*01,CALWEVLQELGKKIKVF,TRGJP*01,SRR22007501,Bukhari,Bukhari,NA,True,True,False,True,True
cell_881,AGCGTATGTACCGGCT,TRDV2*01,CDTVETGRTDKLIF,TRDJ1*01,NA,NA,NA,SRR22007501,Bukhari,Bukhari,True,NA,True,True,False,True
cell_882,AGCTCTCCTTTTCTTG,NA,NA,NA,TRGV3*01,CATWDKLGNYYKKLF,TRGJ1*01,SRR22007501,Bukhari,Bukhari,NA,True,True,False,True,True
cell_883,AGCTCTCTTTTCTTGC,NA,NA,NA,TRGV3*01,CATWDTASYYKKLF,TRGJ1*02|TRGJ2*01,SRR22007501,Bukhari,Bukhari,NA,True,True,False,True,True
cell_884,AGGCCACTGTATCTTA,NA,NA,NA,TRGV1*01,CATWVPSREKLF,TRGJ1*02|TRGJ2*01,SRR22007501,Bukhari,Bukhari,NA,True,True,False,True,True
cell_885,ATTGGTGTTCCCCTCC,NA,NA,NA,TRGV3*01,CATWDRPGDWIKTF,TRGJP2*01,SRR22007501,Bukhari,Bukhari,NA,True,True,False,True,True
cell_886,CAGATCAATTCCGTTT,NA,NA,NA,TRGV9*01,CALWEVRRKLF,TRGJ1*02|TRGJ2*01,SRR22007501,Bukhari,Bukhari,NA,True,True,False,True,True
cell_887,CCATGTCAATGTATCT,NA,NA,NA,TRGV4*01,CATWDSKKLF,TRGJ1*01,SRR22007501,Bukhari,Bukhari,NA,True,True,False,True,True
cell_888,CCATGTCTGACGATAC,NA,NA,NA,TRGV4*01,CATWDSKKLF,TRGJ1*02|TRGJ2*01,SRR22007501,Bukhari,Bukhari,NA,True,True,False,True,True
cell_889,CCCTCCTGGGATCCCA,NA,NA,NA,TRGV3*01,CATWDRPGYYKKLF,TRGJ1*02|TRGJ2*01,SRR22007501,Bukhari,Bukhari,NA,True,True,False,True,True
cell_890,CCTAAAGTCGGTGTTA,NA,NA,NA,TRGV2*03,CATWDGRYKKLF,TRGJ1*01,SRR22007501,Bukhari,Bukhari,NA,True,True,False,True,True
cell_891,CTAATGGCATCTCGCT,TRDV2*01,CACDTLILGDTGYTDKLIF,TRDJ1*01,NA,NA,NA,SRR22007501,Bukhari,Bukhari,True,NA,True,True,False,True
cell_892,CTACATTCAATGGAAT,TRDV2*01,CACDTVGGYTDKLIF,TRDJ1*01,NA,NA,NA,SRR22007501,Bukhari,Bukhari,True,NA,True,True,False,True
cell_893,CTAGTGGTCCTATTCA,NA,NA,NA,TRGV3*01,CATWVWGDYKKLF,TRGJ1*01,SRR22007501,Bukhari,Bukhari,NA,True,True,False,True,True
cell_894,CTTCTCTTGCCAATGT,NA,NA,NA,TRGV9*01,CALWEVRELGKKIKVF,TRGJP*01,SRR22007501,Bukhari,Bukhari,NA,True,True,False,True,True
cell_895,GCCAAATGTATCTTAA,NA,NA,NA,TRGV2*03,CATWDGGSICKKLF,TRGJ1*02|TRGJ2*01,SRR22007501,Bukhari,Bukhari,NA,True,True,False,True,True
cell_896,GTCAAGTGTGGCGAAT,NA,NA,NA,TRGV9*01,CALWELSQLGKKIKVF,TRGJP*01,SRR22007501,Bukhari,Bukhari,NA,True,True,False,True,True
cell_897,GTCTTCGTGGTGTTCC,NA,NA,NA,TRGV4*01,CATWDGVTTGWFKIF,TRGJP1*01,SRR22007501,Bukhari,Bukhari,NA,True,True,False,True,True
cell_898,GTGTTGTTTGTCCAGT,NA,NA,NA,TRGV1*01,CATWDLYYKKLF,TRGJ1*02|TRGJ2*01,SRR22007501,Bukhari,Bukhari,NA,True,True,False,True,True
cell_899,TACACGACCGATCTTA,TRDV1*01,CALGEPKVGDKGTDKLIF,TRDJ1*01,NA,NA,NA,SRR22007501,Bukhari,Bukhari,True,NA,True,True,False,True
cell_900,TACCTATGTTCGAATC,NA,NA,NA,TRGV9*01,CALWEVLGKKLF,TRGJ1*01,SRR22007501,Bukhari,Bukhari,NA,True,True,False,True,True
cell_901,TACGGTAGTCTAGTCA,TRDV2*01,CACDTVSGPTDKLIF,TRDJ1*01,NA,NA,NA,SRR22007501,Bukhari,Bukhari,True,NA,True,True,False,True
cell_902,TAGCCGATGTATCTTA,NA,NA,NA,TRGV3*01,CATWDYYYKKLF,TRGJ1*02|TRGJ2*01,SRR22007501,Bukhari,Bukhari,NA,True,True,False,True,True
cell_903,TAGCCGCATTAACCGA,NA,NA,NA,TRGV4*01,CATNTPGYYKKLF,TRGJ1*01,SRR22007501,Bukhari,Bukhari,NA,True,True,False,True,True
cell_904,TCAGGATAGACTGGGT,TRDV1*01,CALGEPRNPVGKLIF,TRDJ1*01,NA,NA,NA,SRR22007501,Bukhari,Bukhari,True,NA,True,True,False,True
cell_905,TGCCAATGTATCTTAA,NA,NA,NA,TRGV10*02,CAAWERSNYYKKLF,TRGJ1*01,SRR22007501,Bukhari,Bukhari,NA,True,True,False,True,True
cell_906,TGCCCATGTATCTTAA,NA,NA,NA,TRGV10*02,CAAWDSGWFKIF,TRGJP1*01,SRR22007501,Bukhari,Bukhari,NA,True,True,False,True,True
cell_907,TGCTGCTGTATCTTAA,NA,NA,NA,TRGV4*01,CATWDAYYKKLF,TRGJ1*01,SRR22007501,Bukhari,Bukhari,NA,True,True,False,True,True
cell_908,TGGCCAGTCGCATGAT,NA,NA,NA,TRGV8*01,CATWDSKKLF,TRGJ1*02|TRGJ2*01,SRR22007501,Bukhari,Bukhari,NA,True,True,False,True,True
cell_909,TGTCCCAATGTATCTT,NA,NA,NA,TRGV10*02,CAAWVENYYKKLF,TRGJ1*01,SRR22007501,Bukhari,Bukhari,NA,True,True,False,True,True
cell_910,TGTGTTCTTTGTCCAG,NA,NA,NA,TRGV1*01,CATWDSPNYYKKLF,TRGJ1*02|TRGJ2*01,SRR22007501,Bukhari,Bukhari,NA,True,True,False,True,True
cell_911,TTCTCAAGAAGACAAA,NA,NA,NA,TRGV9*01,CALWETQELGKKIKVF,TRGJP*01,SRR22007501,Bukhari,Bukhari,NA,True,True,False,True,True
cell_912,TTGCCGTTTTTATTAT,NA,NA,NA,TRGV10*02,CAAWDSYYKKLF,TRGJ1*01,SRR22007501,Bukhari,Bukhari,NA,True,True,False,True,True
cell_913,TTGTCAAGGTACTCTA,NA,NA,NA,TRGV9*01,CALWEVQGWYKKLF,TRGJ1*01,SRR22007501,Bukhari,Bukhari,NA,True,True,False,True,True
cell_914,TTTGCGCAGCGTTGCC,NA,NA,NA,TRGV8*01,CATWDKKLF,TRGJ1*01,SRR22007501,Bukhari,Bukhari,NA,True,True,False,True,True
cell_915,TTTGTCACAGATAATG,NA,NA,NA,TRGV5*01,CATWDRYYYKKLF,TRGJ1*02|TRGJ2*01,SRR22007501,Bukhari,Bukhari,NA,True,True,False,True,True
cell_916,AAGTCTGCACTTAACG,NA,NA,NA,TRGV2*01,CATPYTTGWFKIF,TRGJP1*01,SRR22007502,Bukhari,Bukhari,NA,True,True,False,True,True
cell_917,ACACCGGTCAAACCAC,NA,NA,NA,TRGV8*01,CATWDSKKLF,TRGJ1*02|TRGJ2*01,SRR22007502,Bukhari,Bukhari,NA,True,True,False,True,True
cell_918,ACTGTCCAGTGACTCT,NA,NA,NA,TRGV4*01,CATWGYKKLF,TRGJ1*02|TRGJ2*01,SRR22007502,Bukhari,Bukhari,NA,True,True,False,True,True
cell_919,AGCCGATGTATCTTAA,NA,NA,NA,TRGV9*01,CALWEVLQELGKKIKVF,TRGJP*01,SRR22007502,Bukhari,Bukhari,NA,True,True,False,True,True
cell_920,AGCGTATGTACCGGCT,TRDV2*01,CACDTVETGRTDKLIF,TRDJ1*01,NA,NA,NA,SRR22007502,Bukhari,Bukhari,True,NA,True,True,False,True
cell_921,AGCTCCTCTCCTGGGA,NA,NA,NA,TRGV9*01,CALWEVGRVGLGKKIKVF,TRGJP*01,SRR22007502,Bukhari,Bukhari,NA,True,True,False,True,True
cell_922,AGCTCTCTTTTCTTGC,NA,NA,NA,TRGV3*01,CATWDTASYYKKLF,TRGJ1*02|TRGJ2*01,SRR22007502,Bukhari,Bukhari,NA,True,True,False,True,True
cell_923,AGGCCACTGTATCTTA,NA,NA,NA,TRGV1*01,CATWVPSREKLF,TRGJ1*02|TRGJ2*01,SRR22007502,Bukhari,Bukhari,NA,True,True,False,True,True
cell_924,AGGTCCGCAATGGAGC,TRDV2*01,CACDKMGDHDTDKLIF,TRDJ1*01,NA,NA,NA,SRR22007502,Bukhari,Bukhari,True,NA,True,True,False,True
cell_925,CAGAGAGAGGTGTGGT,TRDV2*01,CACDTVGGYTDKLIF,TRDJ1*01,NA,NA,NA,SRR22007502,Bukhari,Bukhari,True,NA,True,True,False,True
cell_926,CAGATCAAGATCCTGT,NA,NA,NA,TRGV9*01,CALHKKLF,TRGJ1*02|TRGJ2*01,SRR22007502,Bukhari,Bukhari,NA,True,True,False,True,True
cell_927,CAGATCAATTCCGTTT,NA,NA,NA,TRGV9*01,CALWEVRRKLF,TRGJ1*02|TRGJ2*01,SRR22007502,Bukhari,Bukhari,NA,True,True,False,True,True
cell_928,CATGCCTATGTATCTT,NA,NA,NA,TRGV10*01,CAASGEDNSWAKLF,TRGJ1*01,SRR22007502,Bukhari,Bukhari,NA,True,True,False,True,True
cell_929,CCCTCCTGGGATCCCA,NA,NA,NA,TRGV3*01,CATWDRPGYYKKLF,TRGJ1*02|TRGJ2*01,SRR22007502,Bukhari,Bukhari,NA,True,True,False,True,True
cell_930,CCTTTCTTGCCAATGT,NA,NA,NA,TRGV9*01,CALWEVLDYYKKLF,TRGJ1*01,SRR22007502,Bukhari,Bukhari,NA,True,True,False,True,True
cell_931,CGTGTAATCCACTGGG,NA,NA,NA,TRGV9*01,CALWEVRRKLF,TRGJ1*01,SRR22007502,Bukhari,Bukhari,NA,True,True,False,True,True
cell_932,CGTTAGATCCGAACGC,TRDV2*01,CACDILLGDTRMTAQLFF,TRDJ2*01,NA,NA,NA,SRR22007502,Bukhari,Bukhari,True,NA,True,True,False,True
cell_933,CTGAAGTTCCTAGAAC,TRDV3*01,CATGVHKLIF,TRDJ1*01,NA,NA,NA,SRR22007502,Bukhari,Bukhari,True,NA,True,True,False,True
cell_934,CTTCTCTTGCCAATGT,NA,NA,NA,TRGV9*01,CALWEVRELGKKIKVF,TRGJP*01,SRR22007502,Bukhari,Bukhari,NA,True,True,False,True,True
cell_935,GACAGAGAGGCACATG,NA,NA,NA,TRGV4*01,CATWGYKKLF,TRGJ1*01,SRR22007502,Bukhari,Bukhari,NA,True,True,False,True,True
cell_936,GACCAATGTATCTTAA,NA,NA,NA,TRGV3*01,CATWDRYTTGWF,TRGJP1*01,SRR22007502,Bukhari,Bukhari,NA,True,True,False,True,True
cell_937,GACGGCTTCGATGAGG,NA,NA,NA,TRGV3*01,CATWEGPRETTGWFKIF,TRGJP1*01,SRR22007502,Bukhari,Bukhari,NA,True,True,False,True,True
cell_938,GATGAGGGTACGCTGC,TRDV2*03,CACDNVQVLGDSRYTDKLIF,TRDJ1*01,NA,NA,NA,SRR22007502,Bukhari,Bukhari,True,NA,True,True,False,True
cell_939,GCAAACTCACATGACT,NA,NA,NA,TRGV3*01,CATASHKKLF,TRGJ1*02|TRGJ2*01,SRR22007502,Bukhari,Bukhari,NA,True,True,False,True,True
cell_940,GCCAAATGTATCTTAA,NA,NA,NA,TRGV2*03,CATWGYKKLF,TRGJ1*01,SRR22007502,Bukhari,Bukhari,NA,True,True,False,True,True
cell_941,GCCAATGTATCTTAAT,NA,NA,NA,TRGV3*01,CATWDHYKKLF,TRGJ1*01,SRR22007502,Bukhari,Bukhari,NA,True,True,False,True,True
cell_942,GCTCTGTTCTCTTATG,NA,NA,NA,TRGV2*03,CASGVF,TRGJ1*01,SRR22007502,Bukhari,Bukhari,NA,True,True,False,True,True
cell_943,GGGCATCCACCTTGTC,TRDV2*01,CACDTLPGGYGIGTDKLIF,TRDJ1*01,NA,NA,NA,SRR22007502,Bukhari,Bukhari,True,NA,True,True,False,True
cell_944,GTCCAATGTATCTTAA,NA,NA,NA,TRGV9*01,CALWELSQLGKKIKVF,TRGJP*01,SRR22007502,Bukhari,Bukhari,NA,True,True,False,True,True
cell_945,GTCCTCAAGAACTGTA,TRDV1*01,CALGELRNPTPYTGGYAASLTAQLFF,TRDJ2*01,NA,NA,NA,SRR22007502,Bukhari,Bukhari,True,NA,True,True,False,True
cell_946,GTCTTCGCTTCAAAGT,TRDV2*01,CACDTGWDTRQMFF,TRDJ3*01,NA,NA,NA,SRR22007502,Bukhari,Bukhari,True,NA,True,True,False,True
cell_947,GTGTTGTTTGTCCAGT,NA,NA,NA,TRGV1*01,CATWDLYYKKLF,TRGJ1*02|TRGJ2*01,SRR22007502,Bukhari,Bukhari,NA,True,True,False,True,True
cell_948,TACACGACCGATCTTA,TRDV1*01,CALGEPKVGDKGTDKLIF,TRDJ1*01,NA,NA,NA,SRR22007502,Bukhari,Bukhari,True,NA,True,True,False,True
cell_949,TACGGTAGTCTAGTCA,TRDV2*01,CACDTVSGPTDKLIF,TRDJ1*01,NA,NA,NA,SRR22007502,Bukhari,Bukhari,True,NA,True,True,False,True
cell_950,TAGCCAATGTATCTTA,NA,NA,NA,TRGV10*02,CAAWDTGSDWIKTF,TRGJP2*01,SRR22007502,Bukhari,Bukhari,NA,True,True,False,True,True
cell_951,TAGCCGATGTATCTTA,NA,NA,NA,TRGV2*01,CATWDYYYKKLF,TRGJ1*01,SRR22007502,Bukhari,Bukhari,NA,True,True,False,True,True
cell_952,TAGCCGCATTAACCGA,NA,NA,NA,TRGV4*01,CATNTPGYYKKLF,TRGJ1*01,SRR22007502,Bukhari,Bukhari,NA,True,True,False,True,True
cell_953,TCCCGATGTATCTTAA,NA,NA,NA,TRGV10*01,CAATVGGYYKKLF,TRGJ1*01,SRR22007502,Bukhari,Bukhari,NA,True,True,False,True,True
cell_954,TCGTATTTACCAAGCT,TRDV2*01,CACDTLLGDTHFIDKLIF,TRDJ1*01,NA,NA,NA,SRR22007502,Bukhari,Bukhari,True,NA,True,True,False,True
cell_955,TCTTCGCCAATGTATC,NA,NA,NA,TRGV3*01,CATWDTDYKKLF,TRGJ1*01,SRR22007502,Bukhari,Bukhari,NA,True,True,False,True,True
cell_956,TGACTTTAGTGAATTG,NA,NA,NA,TRGV9*01,CALWERELGKKIKVF,TRGJP*01,SRR22007502,Bukhari,Bukhari,NA,True,True,False,True,True
cell_957,TGCCAATGTATCTTAA,NA,NA,NA,TRGV2*03,CATWDPSLGNYYKKLF,TRGJ1*01,SRR22007502,Bukhari,Bukhari,NA,True,True,False,True,True
cell_958,TGCCCATGTATCTTAA,NA,NA,NA,TRGV10*02,CAAWDWPKKLF,TRGJ1*02|TRGJ2*01,SRR22007502,Bukhari,Bukhari,NA,True,True,False,True,True
cell_959,TGCCTATGTATCTTAA,NA,NA,NA,TRGV10*02,CAAWDSYYKKLF,TRGJ1*01,SRR22007502,Bukhari,Bukhari,NA,True,True,False,True,True
cell_960,TGGCGCATCCTTTCGG,NA,NA,NA,TRGV10*02,CAAWDAQQIKKLF,TRGJ1*01,SRR22007502,Bukhari,Bukhari,NA,True,True,False,True,True
cell_961,TGTATTCTCATGTCTG,NA,NA,NA,TRGV9*01,CALWEAPNYYKKLF,TRGJ1*01,SRR22007502,Bukhari,Bukhari,NA,True,True,False,True,True
cell_962,TGTGTTCTTTGTCCAG,NA,NA,NA,TRGV1*01,CATWDSPNYYKKLF,TRGJ1*02|TRGJ2*01,SRR22007502,Bukhari,Bukhari,NA,True,True,False,True,True
cell_963,TTCTCAAGAAGACAAA,NA,NA,NA,TRGV9*01,CALWETQELGKKIKVF,TRGJP*01,SRR22007502,Bukhari,Bukhari,NA,True,True,False,True,True
cell_964,TTCTTGCCAATGTATC,NA,NA,NA,TRGV2*01,CHLGRRAYYKKLF,TRGJ1*01,SRR22007502,Bukhari,Bukhari,NA,True,True,False,True,True
cell_965,ACAGCTATCCGCAAGC,NA,NA,NA,TRGV10*02,CAAWDGRRKTLF,TRGJ1*01,SRR22007503,Bukhari,Bukhari,NA,True,True,False,True,True
cell_966,CAAGATCTCTCGGACG,NA,NA,NA,TRGV9*01,CALWEVQELGKKIKVF,TRGJP*01,SRR22007503,Bukhari,Bukhari,NA,True,True,False,True,True
cell_967,CACAGGCAGCTAAGAT,TRDV3*01,CAHRVRDETDKLIF,TRDJ1*01,NA,NA,NA,SRR22007503,Bukhari,Bukhari,True,NA,True,True,False,True
cell_968,CACAGGTGATCCAACA,NA,NA,NA,TRGV2*01,CATWDVPDSSDWIKTF,TRGJP2*01,SRR22007503,Bukhari,Bukhari,NA,True,True,False,True,True
cell_969,CATTCGCAGGCGCTCT,NA,NA,NA,TRGV9*01,CALWPPYYKKLF,TRGJ1*01,SRR22007503,Bukhari,Bukhari,NA,True,True,False,True,True
cell_970,CCTTACGGTACCGGCT,NA,NA,NA,TRGV9*01,CALWEVQWKLF,TRGJ1*02|TRGJ2*01,SRR22007503,Bukhari,Bukhari,NA,True,True,False,True,True
cell_971,CGGTTAATCAGTGTTG,NA,NA,NA,TRGV10*02,CAAWEKKLF,TRGJ1*02|TRGJ2*01,SRR22007503,Bukhari,Bukhari,NA,True,True,False,True,True
cell_972,CGTGTAAAGCAGCGTA,TRDV2*01,CACDNVGDQANKLIF,TRDJ1*01,NA,NA,NA,SRR22007503,Bukhari,Bukhari,True,NA,True,True,False,True
cell_973,CTAACTTCAAACGCAA,NA,NA,NA,TRGV9*01,CALWEDQELGKKIKVF,TRGJP*01,SRR22007503,Bukhari,Bukhari,NA,True,True,False,True,True
cell_974,CTGTTTAGTAGCAAAT,NA,NA,NA,TRGV9*01,CALWEGNYYKKLF,TRGJ1*01,SRR22007503,Bukhari,Bukhari,NA,True,True,False,True,True
cell_975,GATGAGGAGTAGATGT,TRDV2*01,CACDIMGDTLYTDKLIF,TRDJ1*01,NA,NA,NA,SRR22007503,Bukhari,Bukhari,True,NA,True,True,False,True
cell_976,GCGCAGTGTGATGATA,TRDV2*01,CDTGPSGGASSWDTRQMFF,TRDJ3*01,NA,NA,NA,SRR22007503,Bukhari,Bukhari,True,NA,True,True,False,True
cell_977,GGGCACTTCGGACAAG,NA,NA,NA,TRGV9*01,CALWETQELGKKIKVF,TRGJP*01,SRR22007503,Bukhari,Bukhari,NA,True,True,False,True,True
cell_978,GTCTTCGCTTCAAAGT,TRDV2*01,CACDTLGRDDKLIF,TRDJ1*01,NA,NA,NA,SRR22007503,Bukhari,Bukhari,True,NA,True,True,False,True
cell_979,TCAGGATCAGACGCAA,TRDV2*01,CACDTLGDPDKLIF,TRDJ1*01,NA,NA,NA,SRR22007503,Bukhari,Bukhari,True,NA,True,True,False,True
cell_980,TGCCAATGTATCTTAA,NA,NA,NA,TRGV10*02,CVGLSGHYYKKLF,TRGJ1*02|TRGJ2*01,SRR22007503,Bukhari,Bukhari,NA,True,True,False,True,True
cell_981,ACAGCTATCCGCAAGC,NA,NA,NA,TRGV10*02,CAAWDGRRKKLF,TRGJ1*01,SRR22007504,Bukhari,Bukhari,NA,True,True,False,True,True
cell_982,AGAGCTTGTCAGATAA,TRDV2*01,CACDEVDTRSDKLIF,TRDJ1*01,NA,NA,NA,SRR22007504,Bukhari,Bukhari,True,NA,True,True,False,True
cell_983,CAAGATCTCTCGGACG,NA,NA,NA,TRGV9*01,CALWEVQELGKKIKVF,TRGJP*01,SRR22007504,Bukhari,Bukhari,NA,True,True,False,True,True
cell_984,CACAGGCAGCTAAGAT,TRDV3*01,CAHRVRDETDKLIF,TRDJ1*01,NA,NA,NA,SRR22007504,Bukhari,Bukhari,True,NA,True,True,False,True
cell_985,CATTCGCAGGCGCTCT,NA,NA,NA,TRGV9*01,CALWPPYYKKLF,TRGJ1*01,SRR22007504,Bukhari,Bukhari,NA,True,True,False,True,True
cell_986,CCTTACGGTACCGGCT,NA,NA,NA,TRGV9*01,CALWEVQWKLF,TRGJ1*02|TRGJ2*01,SRR22007504,Bukhari,Bukhari,NA,True,True,False,True,True
cell_987,CGGTTAATCAGTGTTG,NA,NA,NA,TRGV10*02,CAAWEKKLF,TRGJ1*02|TRGJ2*01,SRR22007504,Bukhari,Bukhari,NA,True,True,False,True,True
cell_988,CGTGTAAAGCAGCGTA,TRDV2*01,CACDNVGDQANKLIF,TRDJ1*01,NA,NA,NA,SRR22007504,Bukhari,Bukhari,True,NA,True,True,False,True
cell_989,CTAACTTCAAACGCGA,NA,NA,NA,TRGV9*01,CALWEDQELGKKIKVF,TRGJP*01,SRR22007504,Bukhari,Bukhari,NA,True,True,False,True,True
cell_990,CTGTTTAGTAGCAAAT,NA,NA,NA,TRGV9*01,CALWEGNYYKKLF,TRGJ1*01,SRR22007504,Bukhari,Bukhari,NA,True,True,False,True,True
cell_991,GATGAGGAGTAGATGT,TRDV2*01,CACDIMGDTLYTDKLIF,TRDJ1*01,NA,NA,NA,SRR22007504,Bukhari,Bukhari,True,NA,True,True,False,True
cell_992,GCGCAGTGTGATGATA,TRDV2*01,CDTGPSGGASSWDTRQMFF,TRDJ3*01,NA,NA,NA,SRR22007504,Bukhari,Bukhari,True,NA,True,True,False,True
cell_993,GGGCACTTCGGACAAG,NA,NA,NA,TRGV9*01,CALWETQELGKKIKVF,TRGJP*01,SRR22007504,Bukhari,Bukhari,NA,True,True,False,True,True
cell_994,GTCTTCGCTTCAAAGT,TRDV2*01,CACDTLGRDDKLIF,TRDJ1*01,NA,NA,NA,SRR22007504,Bukhari,Bukhari,True,NA,True,True,False,True
cell_995,TAAGAGACATGGATGG,NA,NA,NA,TRGV10*02,CAAWDPQFYYKKLF,TRGJ1*01,SRR22007504,Bukhari,Bukhari,NA,True,True,False,True,True
cell_996,TCAGGATCAGACGCAA,TRDV2*01,CACDTLGDPDKLIF,TRDJ1*01,NA,NA,NA,SRR22007504,Bukhari,Bukhari,True,NA,True,True,False,True
cell_997,TGAAAGAAGCTCCTCT,NA,NA,NA,TRGV9*01,CALWEVRGELGKKIKVF,TRGJP*01,SRR22007504,Bukhari,Bukhari,NA,True,True,False,True,True
cell_998,TGACGGCGTTGTTTGG,TRDV2*01,CACDTLGDRGSDKLIF,TRDJ1*01,NA,NA,NA,SRR22007504,Bukhari,Bukhari,True,NA,True,True,False,True
cell_999,TGCCAATGTATCGGAA,NA,NA,NA,TRGV10*02,CVGLSGHYYQKLF,TRGJ1*02|TRGJ2*01,SRR22007504,Bukhari,Bukhari,NA,True,True,False,True,True
cell_1000,TGCCAATGTATCTTAA,NA,NA,NA,TRGV10*02,CVGLSGHYYKKLF,TRGJ1*02|TRGJ2*01,SRR22007504,Bukhari,Bukhari,NA,True,True,False,True,True
cell_1001,TGGCTGGCAGACGCTC,NA,NA,NA,TRGV8*01,CATWDTYKKLF,TRGJ1*01,SRR22007504,Bukhari,Bukhari,NA,True,True,False,True,True
cell_1002,AACCATGTATCTTAAT,NA,NA,NA,TRGV10*01,CAARGLF,TRGJ1*02|TRGJ2*01,SRR22007505,Bukhari,Bukhari,NA,True,True,False,True,True
cell_1003,AACCGATGTATCTTAA,NA,NA,NA,TRGV2*03,CATWETRKLF,TRGJ1*02|TRGJ2*01,SRR22007505,Bukhari,Bukhari,NA,True,True,False,True,True
cell_1004,ACAGCCGATGTATCTT,NA,NA,NA,TRGV2*03,CATWDGLLGKLF,TRGJ1*01,SRR22007505,Bukhari,Bukhari,NA,True,True,False,True,True
cell_1005,ACGCCAGTGTATCTTA,NA,NA,NA,TRGV3*01,CATWDKNYYKKLF,TRGJ1*01,SRR22007505,Bukhari,Bukhari,NA,True,True,False,True,True
cell_1006,ACGCCGATGTATCTTA,NA,NA,NA,TRGV8*01,CATWVSDYKKLF,TRGJ1*02|TRGJ2*01,SRR22007505,Bukhari,Bukhari,NA,True,True,False,True,True
cell_1007,AGGCCACCAAATTGAC,NA,NA,NA,TRGV10*01,CAAGNYYKKLF,TRGJ1*01,SRR22007505,Bukhari,Bukhari,NA,True,True,False,True,True
cell_1008,ATTACTGTCCGACGTA,NA,NA,NA,TRGV9*01,CAPGCYKKLF,TRGJ1*01,SRR22007505,Bukhari,Bukhari,NA,True,True,False,True,True
cell_1009,CACACAAGCTTGACAG,TRDV1*01,CALGVRAPPLGAQLFF,TRDJ2*01,NA,NA,NA,SRR22007505,Bukhari,Bukhari,True,NA,True,True,False,True
cell_1010,CCCTCCTGGGATCCCA,NA,NA,NA,TRGV10*01,CAKKLF,TRGJ1*01,SRR22007505,Bukhari,Bukhari,NA,True,True,False,True,True
cell_1011,CGAGCCAATGTATCTT,NA,NA,NA,TRGV9*01,CALWEVAQELGKKIKVF,TRGJP*01,SRR22007505,Bukhari,Bukhari,NA,True,True,False,True,True
cell_1012,CTCACACCAGTACACT,NA,NA,NA,TRGV4*01,CATWANSSDWIKTF,TRGJP2*01,SRR22007505,Bukhari,Bukhari,NA,True,True,False,True,True
cell_1013,CTCTGTTATCTTCTTG,TRDV2*01,CACDTLGDTDKLIF,TRDJ1*01,NA,NA,NA,SRR22007505,Bukhari,Bukhari,True,NA,True,True,False,True
cell_1014,GACCAATACATCTGTG,NA,NA,NA,TRGV8*01,CATWDSFLRQKLF,TRGJ1*02|TRGJ2*01,SRR22007505,Bukhari,Bukhari,NA,True,True,False,True,True
cell_1015,GACCAATGTATCTTAA,NA,NA,NA,TRGV9*01,CALWEAQELGKKIKVF,TRGJP*01,SRR22007505,Bukhari,Bukhari,NA,True,True,False,True,True
cell_1016,GACCAATGTGCTTCTC,NA,NA,NA,TRGV2*01,CATWDGPGKLF,TRGJ1*01,SRR22007505,Bukhari,Bukhari,NA,True,True,False,True,True
cell_1017,GCCAATGTATCTTAAT,NA,NA,NA,TRGV9*01,CALWEVRELGKKIKVF,TRGJP*01,SRR22007505,Bukhari,Bukhari,NA,True,True,False,True,True
cell_1018,GCTCCTAAGTGCTGCC,TRDV2*01,CACDTVGGYTDKLIF,TRDJ1*01,NA,NA,NA,SRR22007505,Bukhari,Bukhari,True,NA,True,True,False,True
cell_1019,GCTTCCAATGTATCTT,NA,NA,NA,TRGV4*01,CATWGYKKLF,TRGJ1*02|TRGJ2*01,SRR22007505,Bukhari,Bukhari,NA,True,True,False,True,True
cell_1020,GGCTCAATGTATCTTA,NA,NA,NA,TRGV4*01,CATWEGPRETTGWFKIF,TRGJP1*01,SRR22007505,Bukhari,Bukhari,NA,True,True,False,True,True
cell_1021,GTGTTAGAGAGGGCTT,NA,NA,NA,TRGV9*01,CALWEVQELGKKIKVF,TRGJP*01,SRR22007505,Bukhari,Bukhari,NA,True,True,False,True,True
cell_1022,TACAGTGTATCTTAAT,NA,NA,NA,TRGV8*01,CATWALYYKKLF,TRGJ1*01,SRR22007505,Bukhari,Bukhari,NA,True,True,False,True,True
cell_1023,TACCTTAATAATATCT,NA,NA,NA,TRGV4*01,CATWDYKKLF,TRGJ1*01,SRR22007505,Bukhari,Bukhari,NA,True,True,False,True,True
cell_1024,TACTCATGTGCAGACA,TRDV3*01,CAFSPGDTGYTDKLIF,TRDJ1*01,NA,NA,NA,SRR22007505,Bukhari,Bukhari,True,NA,True,True,False,True
cell_1025,TCGTACCAATGTATCT,NA,NA,NA,TRGV5P*02,CATWGRKLF,TRGJ1*02|TRGJ2*01,SRR22007505,Bukhari,Bukhari,NA,True,True,False,True,True
cell_1026,TGACAACGTATCTTAA,NA,NA,NA,TRGV8*01,CATWVGFKIF,TRGJP1*01,SRR22007505,Bukhari,Bukhari,NA,True,True,False,True,True
cell_1027,TGACTTTGTATCTTAA,NA,NA,NA,TRGV2*01,CATWVPSREKLF,TRGJ1*01,SRR22007505,Bukhari,Bukhari,NA,True,True,False,True,True
cell_1028,TGCCCATGTATCTTAA,NA,NA,NA,TRGV9*01,CALWEVLQELGKKIKVF,TRGJP*01,SRR22007505,Bukhari,Bukhari,NA,True,True,False,True,True
cell_1029,TGCCCTATGTAACTTA,NA,NA,NA,TRGV3*01,CATWDSRRLPNYYKKLF,TRGJ1*01,SRR22007505,Bukhari,Bukhari,NA,True,True,False,True,True
cell_1030,TGCCCTATGTATCTTA,NA,NA,NA,TRGV3*01,CATWDSRRLPNYYKKLF,TRGJ1*02|TRGJ2*01,SRR22007505,Bukhari,Bukhari,NA,True,True,False,True,True
cell_1031,TGCCTATGTATCTTAA,NA,NA,NA,TRGV9*01,CALWEVLDYYKKLF,TRGJ1*01,SRR22007505,Bukhari,Bukhari,NA,True,True,False,True,True
cell_1032,TTCTCCTGCCAATGTA,NA,NA,NA,TRGV9*01,CALWEVPELGKKIKVF,TRGJP*01,SRR22007505,Bukhari,Bukhari,NA,True,True,False,True,True
cell_1033,TTGCCGTGTATCTTAA,NA,NA,NA,TRGV10*02,CVGNPRGYYKKLF,TRGJ1*02|TRGJ2*01,SRR22007505,Bukhari,Bukhari,NA,True,True,False,True,True
cell_1034,TTTACTGCCAATGTAT,NA,NA,NA,TRGV2*01,CATWNYYKKLF,TRGJ1*01,SRR22007505,Bukhari,Bukhari,NA,True,True,False,True,True
cell_1035,AACCATGTATCTTAAT,NA,NA,NA,TRGV10*01,CAARGLF,TRGJ1*02|TRGJ2*01,SRR22007506,Bukhari,Bukhari,NA,True,True,False,True,True
cell_1036,ACAGCCGATGTATCTT,NA,NA,NA,TRGV2*01,CATWDGLLGKLF,TRGJ1*01,SRR22007506,Bukhari,Bukhari,NA,True,True,False,True,True
cell_1037,ACGATGTAGCTGAAAT,NA,NA,NA,TRGV9*01,CALWEEELGKKIKVF,TRGJP*01,SRR22007506,Bukhari,Bukhari,NA,True,True,False,True,True
cell_1038,ACTTTCAATGTATCTT,NA,NA,NA,TRGV2*03,CATWDGPWGKLF,TRGJ1*01,SRR22007506,Bukhari,Bukhari,NA,True,True,False,True,True
cell_1039,ATCCGAATCTCGGACG,TRDV2*01,CDTLPGGYGIGTDKLIF,TRDJ1*01,NA,NA,NA,SRR22007506,Bukhari,Bukhari,True,NA,True,True,False,True
cell_1040,ATTACTGTCCGACGTA,NA,NA,NA,TRGV9*01,CAPGCYKKLF,TRGJ1*01,SRR22007506,Bukhari,Bukhari,NA,True,True,False,True,True
cell_1041,ATTGGTGTCGTTAGTC,NA,NA,NA,TRGV3*01,CATWDRRAGKLF,TRGJ1*02|TRGJ2*01,SRR22007506,Bukhari,Bukhari,NA,True,True,False,True,True
cell_1042,CATGACAATGTATCTT,NA,NA,NA,TRGV9*01,CALWEGQELGKKIKVF,TRGJP*01,SRR22007506,Bukhari,Bukhari,NA,True,True,False,True,True
cell_1043,CCCTCCTGGGATCCCA,NA,NA,NA,TRGV10*01,CAKKLF,TRGJ1*02|TRGJ2*01,SRR22007506,Bukhari,Bukhari,NA,True,True,False,True,True
cell_1044,CCTCAGTTCCACGTGG,NA,NA,NA,TRGV9*01,CALCAPNYYKKLF,TRGJ1*02|TRGJ2*01,SRR22007506,Bukhari,Bukhari,NA,True,True,False,True,True
cell_1045,CGAGCCAATGTATCTT,NA,NA,NA,TRGV9*01,CALWEVAQELGKKIKVF,TRGJP*01,SRR22007506,Bukhari,Bukhari,NA,True,True,False,True,True
cell_1046,CTTACCGATGTATCTT,NA,NA,NA,TRGV9*01,CALWEVLDYYKKLF,TRGJ1*01,SRR22007506,Bukhari,Bukhari,NA,True,True,False,True,True
cell_1047,GACCAATACATCTGTG,NA,NA,NA,TRGV8*01,CATWDSFLRQKLF,TRGJ1*01,SRR22007506,Bukhari,Bukhari,NA,True,True,False,True,True
cell_1048,GACTCATCTGGCACCG,NA,NA,NA,TRGV8*01,CATWDSEKLF,TRGJ1*01,SRR22007506,Bukhari,Bukhari,NA,True,True,False,True,True
cell_1049,GCCAATGTATCTTAAT,NA,NA,NA,TRGV9*01,CALWEVRELGKKIKVF,TRGJP*01,SRR22007506,Bukhari,Bukhari,NA,True,True,False,True,True
cell_1050,GCTTATTTACCAAGCT,TRDV2*01,CACDTVGGYTDKLIF,TRDJ1*01,NA,NA,NA,SRR22007506,Bukhari,Bukhari,True,NA,True,True,False,True
cell_1051,GCTTCCAATGTATCTT,NA,NA,NA,TRGV4*01,CATWGYKKLF,TRGJ1*02|TRGJ2*01,SRR22007506,Bukhari,Bukhari,NA,True,True,False,True,True
cell_1052,TACCTTAATAATATCT,NA,NA,NA,TRGV4*01,CATWDYKKLF,TRGJ1*02|TRGJ2*01,SRR22007506,Bukhari,Bukhari,NA,True,True,False,True,True
cell_1053,TATACAGTCTAGAGGA,NA,NA,NA,TRGV8*01,CATWDSEKLF,TRGJ1*02|TRGJ2*01,SRR22007506,Bukhari,Bukhari,NA,True,True,False,True,True
cell_1054,TCCCGATGTACCGCTG,NA,NA,NA,TRGV8*01,CATWALYYKKLF,TRGJ1*02|TRGJ2*01,SRR22007506,Bukhari,Bukhari,NA,True,True,False,True,True
cell_1055,TCCCGATGTATCTTAA,NA,NA,NA,TRGV2*01,CATWDGPGTGWFKIF,TRGJP1*01,SRR22007506,Bukhari,Bukhari,NA,True,True,False,True,True
cell_1056,TGACAACGTATCTTAA,NA,NA,NA,TRGV8*01,CATWVGFKIF,TRGJP1*01,SRR22007506,Bukhari,Bukhari,NA,True,True,False,True,True
cell_1057,TGCCAAATGTATCTTA,NA,NA,NA,TRGV10*02,CAAWDYYKKLF,TRGJ1*01,SRR22007506,Bukhari,Bukhari,NA,True,True,False,True,True
cell_1058,TGCCAATGTATCTTAA,NA,NA,NA,TRGV10*02,CAAWDKDYKKLF,TRGJ1*01,SRR22007506,Bukhari,Bukhari,NA,True,True,False,True,True
cell_1059,TGCCTATGTATCTTAA,NA,NA,NA,TRGV10*02,CAAWDDYYKKLF,TRGJ1*02|TRGJ2*01,SRR22007506,Bukhari,Bukhari,NA,True,True,False,True,True
cell_1060,TGCTAGTGTATCTTAA,NA,NA,NA,TRGV10*01,CAAYTTGWFKIF,TRGJP1*01,SRR22007506,Bukhari,Bukhari,NA,True,True,False,True,True
cell_1061,TGGCCAGTCGGATGTT,TRDV2*03,CACDSLTGRTDKLIF,TRDJ1*01,NA,NA,NA,SRR22007506,Bukhari,Bukhari,True,NA,True,True,False,True
cell_1062,TTTACTGCCAATGTAT,NA,NA,NA,TRGV8*01,CATWNYYKKLF,TRGJ1*02|TRGJ2*01,SRR22007506,Bukhari,Bukhari,NA,True,True,False,True,True
cell_1063,TTTCGCCAAAGGTGCA,NA,NA,NA,TRGV3*01,CATWDEVQGPSSDWIKTF,TRGJP2*01,SRR22007506,Bukhari,Bukhari,NA,True,True,False,True,True
cell_1064,AACCATGTATCTTAAT,NA,NA,NA,TRGV10*01,CAARGLF,TRGJ1*02|TRGJ2*01,SRR22007507,Bukhari,Bukhari,NA,True,True,False,True,True
cell_1065,AACCGATGTATCTTAA,NA,NA,NA,TRGV3*01,CATWETRKLF,TRGJ1*02|TRGJ2*01,SRR22007507,Bukhari,Bukhari,NA,True,True,False,True,True
cell_1066,AACTTTCGTAACGACG,NA,NA,NA,TRGV9*01,CALWVPPELGKKIKVF,TRGJP*01,SRR22007507,Bukhari,Bukhari,NA,True,True,False,True,True
cell_1067,ACGCCAGTGTATCTTA,NA,NA,NA,TRGV3*01,CATWDKNYYKKLF,TRGJ1*01,SRR22007507,Bukhari,Bukhari,NA,True,True,False,True,True
cell_1068,ACTTTCAATGTATCTT,NA,NA,NA,TRGV2*03,CATWDGPWGKLF,TRGJ1*02|TRGJ2*01,SRR22007507,Bukhari,Bukhari,NA,True,True,False,True,True
cell_1069,AGGCCACAGGGAAACA,NA,NA,NA,TRGV2*03,CATWDVF,NA,SRR22007507,Bukhari,Bukhari,NA,True,True,False,False,False
cell_1070,AGGCCACTGTATCTTA,NA,NA,NA,TRGV10*01,CAAGNYYKKLF,TRGJ1*01,SRR22007507,Bukhari,Bukhari,NA,True,True,False,True,True
cell_1071,ATTGGCAATGTATCTT,NA,NA,NA,TRGV10*02,CAAWDSNYYKKLF,TRGJ1*02|TRGJ2*01,SRR22007507,Bukhari,Bukhari,NA,True,True,False,True,True
cell_1072,CAACCAATCGGTGTCG,TRDV1*01,CALGFVPVPWTGGYGETDKLIF,TRDJ1*01,NA,NA,NA,SRR22007507,Bukhari,Bukhari,True,NA,True,True,False,True
cell_1073,CACACAAGCTTGACAG,TRDV1*01,CALGVRAPPLGAQLFF,TRDJ2*01,NA,NA,NA,SRR22007507,Bukhari,Bukhari,True,NA,True,True,False,True
cell_1074,CATATTCAGTGAAGTT,TRDV2*01,CACDTVGGYTDKLIF,TRDJ1*01,NA,NA,NA,SRR22007507,Bukhari,Bukhari,True,NA,True,True,False,True
cell_1075,CATGACACAAGTTCTG,TRDV2*01,CACDTVTAKNLYTDKLIF,TRDJ1*01,NA,NA,NA,SRR22007507,Bukhari,Bukhari,True,NA,True,True,False,True
cell_1076,CCCTCCTGGGATCCCA,NA,NA,NA,TRGV10*01,CAKKLF,TRGJ1*02|TRGJ2*01,SRR22007507,Bukhari,Bukhari,NA,True,True,False,True,True
cell_1077,CCTCAGTTCCACGTGG,NA,NA,NA,TRGV9*01,CALCAPNYYKKLF,TRGJ1*01,SRR22007507,Bukhari,Bukhari,NA,True,True,False,True,True
cell_1078,CGAGCCAATGTATCTT,NA,NA,NA,TRGV9*01,CALWEVAQELGKKIKVF,TRGJP*01,SRR22007507,Bukhari,Bukhari,NA,True,True,False,True,True
cell_1079,CGTAGCGAGTGGTAGC,TRDV2*01,CACDLLGDLSSLYTDKLIF,TRDJ1*01,NA,NA,NA,SRR22007507,Bukhari,Bukhari,True,NA,True,True,False,True
cell_1080,CTCACACCAGTACACT,NA,NA,NA,TRGV4*01,CATWANSSDWIKTF,TRGJP2*01,SRR22007507,Bukhari,Bukhari,NA,True,True,False,True,True
cell_1081,CTTACCGATGTATCTT,NA,NA,NA,TRGV9*01,CALWEVLDYYKKLF,TRGJ1*01,SRR22007507,Bukhari,Bukhari,NA,True,True,False,True,True
cell_1082,GACCAATACATCTGTG,NA,NA,NA,TRGV8*01,CATWDSFLRQKLF,TRGJ1*02|TRGJ2*01,SRR22007507,Bukhari,Bukhari,NA,True,True,False,True,True
cell_1083,GACCAATGTGCTTCTC,NA,NA,NA,TRGV2*01,CATWDGPGKLF,TRGJ1*01,SRR22007507,Bukhari,Bukhari,NA,True,True,False,True,True
cell_1084,GCCAATGTATCTTAAT,NA,NA,NA,TRGV9*01,CALWEVRELGKKIKVF,TRGJP*01,SRR22007507,Bukhari,Bukhari,NA,True,True,False,True,True
cell_1085,GCCTCTATCTTAATAA,NA,NA,NA,TRGV9*01,CALWLPKIKVF,TRGJP*01,SRR22007507,Bukhari,Bukhari,NA,True,True,False,True,True
cell_1086,GCTTCCAATGTATCTT,NA,NA,NA,TRGV4*01,CATWGYKKLF,TRGJ1*02|TRGJ2*01,SRR22007507,Bukhari,Bukhari,NA,True,True,False,True,True
cell_1087,GGGCACTCAAGGCTCC,NA,NA,NA,TRGV9*01,CAPGCYKKLF,TRGJ1*02|TRGJ2*01,SRR22007507,Bukhari,Bukhari,NA,True,True,False,True,True
cell_1088,GTACTTTGTATAATGG,TRDV2*01,CACDPLGDRTYTDKLIF,TRDJ1*01,NA,NA,NA,SRR22007507,Bukhari,Bukhari,True,NA,True,True,False,True
cell_1089,TACCTATGTATCTTAA,NA,NA,NA,TRGV4*02,CATWGYKKLF,TRGJ1*02|TRGJ2*01,SRR22007507,Bukhari,Bukhari,NA,True,True,False,True,True
cell_1090,TCCCGATGTACCGCTG,NA,NA,NA,TRGV8*01,CATWALYYKKLF,TRGJ1*01,SRR22007507,Bukhari,Bukhari,NA,True,True,False,True,True
cell_1091,TCCCGATGTATCTTAA,NA,NA,NA,TRGV2*01,CATWDGPGTGWFKIF,TRGJP1*01,SRR22007507,Bukhari,Bukhari,NA,True,True,False,True,True
cell_1092,TCCCGTTTTTATTATT,NA,NA,NA,TRGV10*02,CAAWHSVYYKKLF,TRGJ1*02|TRGJ2*01,SRR22007507,Bukhari,Bukhari,NA,True,True,False,True,True
cell_1093,TCGTACCAATGTATCT,NA,NA,NA,TRGV4*02,CATWGRKLF,TRGJ1*01,SRR22007507,Bukhari,Bukhari,NA,True,True,False,True,True
cell_1094,TCTTCGGTCCGCTGTT,TRDV2*03,CACDTLSTGDTGLIF,TRDJ1*01,NA,NA,NA,SRR22007507,Bukhari,Bukhari,True,NA,True,True,False,True
cell_1095,TGACTTTGTATCTTAA,NA,NA,NA,TRGV8*01,CATWVPSREKLF,TRGJ1*02|TRGJ2*01,SRR22007507,Bukhari,Bukhari,NA,True,True,False,True,True
cell_1096,TGCCAAATGTATCTTA,NA,NA,NA,TRGV10*02,CAAWDYYKKLF,TRGJ1*01,SRR22007507,Bukhari,Bukhari,NA,True,True,False,True,True
cell_1097,TGCCAATGTATCTTAA,NA,NA,NA,TRGV10*02,CAAWDKDYKKLF,TRGJ1*02|TRGJ2*01,SRR22007507,Bukhari,Bukhari,NA,True,True,False,True,True
cell_1098,TGCCCATGTATCTTAA,NA,NA,NA,TRGV9*01,CALWEVLQELGKKIKVF,TRGJP*01,SRR22007507,Bukhari,Bukhari,NA,True,True,False,True,True
cell_1099,TGCCCTATGTATCTTA,NA,NA,NA,TRGV2*02,CAGVCGRWFKIF,TRGJP1*01,SRR22007507,Bukhari,Bukhari,NA,True,True,False,True,True
cell_1100,TGCCTATGTATCTTAA,NA,NA,NA,TRGV10*02,CAAWDDYYKKLF,TRGJ1*02|TRGJ2*01,SRR22007507,Bukhari,Bukhari,NA,True,True,False,True,True
cell_1101,TGCTAGTGTATCTTAA,NA,NA,NA,TRGV10*01,CAAYTTGWFKIF,TRGJP1*01,SRR22007507,Bukhari,Bukhari,NA,True,True,False,True,True
cell_1102,TTCTCCTGCCAATGTA,NA,NA,NA,TRGV9*01,CALWEVPELGKKIKVF,TRGJP*01,SRR22007507,Bukhari,Bukhari,NA,True,True,False,True,True
cell_1103,AACCATGTATCTTAAT,NA,NA,NA,TRGV10*01,CAARGLF,TRGJ1*02|TRGJ2*01,SRR22007508,Bukhari,Bukhari,NA,True,True,False,True,True
cell_1104,ACAGCCGATGTATCTT,NA,NA,NA,TRGV2*01,CATWDGLLGKLF,TRGJ1*01,SRR22007508,Bukhari,Bukhari,NA,True,True,False,True,True
cell_1105,ACGATGTAGCTGAAAT,NA,NA,NA,TRGV9*01,CALWEEELGKKIKVF,TRGJP*01,SRR22007508,Bukhari,Bukhari,NA,True,True,False,True,True
cell_1106,ACGCCGATGTATCTTA,NA,NA,NA,TRGV3*01,CATWVSDYKKLF,TRGJ1*01,SRR22007508,Bukhari,Bukhari,NA,True,True,False,True,True
cell_1107,ACTGATGAGCAATATG,NA,NA,NA,TRGV9*01,CALWSRADYYKKLF,TRGJ1*01,SRR22007508,Bukhari,Bukhari,NA,True,True,False,True,True
cell_1108,ACTTTCAATGTATCTT,NA,NA,NA,TRGV2*03,CATWDGPWGKLF,TRGJ1*01,SRR22007508,Bukhari,Bukhari,NA,True,True,False,True,True
cell_1109,ATCTGCCAGGCATGTG,NA,NA,NA,TRGV4*02,CATWENYYKKLF,TRGJ1*01,SRR22007508,Bukhari,Bukhari,NA,True,True,False,True,True
cell_1110,ATTGGTGTCGTTAGTC,NA,NA,NA,TRGV3*01,CATWDRRAGKLF,TRGJ1*01,SRR22007508,Bukhari,Bukhari,NA,True,True,False,True,True
cell_1111,CGAGCCAATGTATCTT,NA,NA,NA,TRGV9*01,CALWEVAQELGKKIKVF,TRGJP*01,SRR22007508,Bukhari,Bukhari,NA,True,True,False,True,True
cell_1112,CGTAGCGAGTGGTAGC,TRDV2*01,CACDLLGDLSSLYTDKLIF,TRDJ1*01,NA,NA,NA,SRR22007508,Bukhari,Bukhari,True,NA,True,True,False,True
cell_1113,CTCTGTTATCTTCTTG,TRDV2*01,CACDTLGDTDKLIF,TRDJ1*01,NA,NA,NA,SRR22007508,Bukhari,Bukhari,True,NA,True,True,False,True
cell_1114,CTTACCGATGTATCTT,NA,NA,NA,TRGV9*01,CALWEVLDYYKKLF,TRGJ1*01,SRR22007508,Bukhari,Bukhari,NA,True,True,False,True,True
cell_1115,GAACAATTCGGACAAG,NA,NA,NA,TRGV8*01,CATWDSFLRQKLF,TRGJ1*01,SRR22007508,Bukhari,Bukhari,NA,True,True,False,True,True
cell_1116,GACAATGTATCTTAAT,NA,NA,NA,TRGV9*01,CALWEVRELGKKIKVF,TRGJP*01,SRR22007508,Bukhari,Bukhari,NA,True,True,False,True,True
cell_1117,GACCAATACATCTGTG,NA,NA,NA,TRGV8*01,CATWDSFLRQKLF,TRGJ1*02|TRGJ2*01,SRR22007508,Bukhari,Bukhari,NA,True,True,False,True,True
cell_1118,GACCAATGTATCTTAA,NA,NA,NA,TRGV9*01,CALWEAQELGKKIKVF,TRGJP*01,SRR22007508,Bukhari,Bukhari,NA,True,True,False,True,True
cell_1119,GACTCATCTGGCACCG,NA,NA,NA,TRGV8*01,CATWDSEKLF,TRGJ1*02|TRGJ2*01,SRR22007508,Bukhari,Bukhari,NA,True,True,False,True,True
cell_1120,GCCTCTATCTTAATAA,NA,NA,NA,TRGV9*01,CALWLPKIKVF,TRGJP*01,SRR22007508,Bukhari,Bukhari,NA,True,True,False,True,True
cell_1121,GCTTATTTACCAAGCT,TRDV2*01,CDTVGGYTDKLIF,TRDJ1*01,NA,NA,NA,SRR22007508,Bukhari,Bukhari,True,NA,True,True,False,True
cell_1122,GCTTCCAATGTATCTT,NA,NA,NA,TRGV4*01,CATWGYKKLF,TRGJ1*02|TRGJ2*01,SRR22007508,Bukhari,Bukhari,NA,True,True,False,True,True
cell_1123,GGCTCAATGTATCTTA,NA,NA,NA,TRGV4*01,CATWEGPRETTGWFKIF,TRGJP1*01,SRR22007508,Bukhari,Bukhari,NA,True,True,False,True,True
cell_1124,TACAGTGTATCTTAAT,NA,NA,NA,TRGV3*01,CATWALYYKKLF,TRGJ1*01,SRR22007508,Bukhari,Bukhari,NA,True,True,False,True,True
cell_1125,TACCTATGTATCTTAA,NA,NA,NA,TRGV5P*01,CATWGYKKLF,TRGJ1*02|TRGJ2*01,SRR22007508,Bukhari,Bukhari,NA,True,True,False,True,True
cell_1126,TACCTTAATAATATCT,NA,NA,NA,TRGV4*02,CATWDYKKLF,TRGJ1*02|TRGJ2*01,SRR22007508,Bukhari,Bukhari,NA,True,True,False,True,True
cell_1127,TACTCATGTGCAGACA,TRDV3*01,CAFSPGDTGYTDKLIF,TRDJ1*01,NA,NA,NA,SRR22007508,Bukhari,Bukhari,True,NA,True,True,False,True
cell_1128,TCCCGATGTACCGCTG,NA,NA,NA,TRGV3*01,CATWALYYKKLF,TRGJ1*02|TRGJ2*01,SRR22007508,Bukhari,Bukhari,NA,True,True,False,True,True
cell_1129,TCCCGATGTATCTTAA,NA,NA,NA,TRGV2*01,CATWDGPGTGWFKIF,TRGJP1*01,SRR22007508,Bukhari,Bukhari,NA,True,True,False,True,True
cell_1130,TCGTACCAATGTATCT,NA,NA,NA,TRGV5P*02,CATWGRKLF,TRGJ1*02|TRGJ2*01,SRR22007508,Bukhari,Bukhari,NA,True,True,False,True,True
cell_1131,TCTTCGGTCCGCTGTT,TRDV2*03,CACDTLSTGDTGLIF,TRDJ1*01,NA,NA,NA,SRR22007508,Bukhari,Bukhari,True,NA,True,True,False,True
cell_1132,TGCCAAATGTATCTTA,NA,NA,NA,TRGV10*02,CAAWDPEYYKKLF,TRGJ1*01,SRR22007508,Bukhari,Bukhari,NA,True,True,False,True,True
cell_1133,TGCCCATGTATCTTAA,NA,NA,NA,TRGV9*01,CALWEVLQELGKKIKVF,TRGJP*01,SRR22007508,Bukhari,Bukhari,NA,True,True,False,True,True
cell_1134,TGCCTATGTATCTTAA,NA,NA,NA,TRGV10*02,CAAWDDYYKKLF,TRGJ1*02|TRGJ2*01,SRR22007508,Bukhari,Bukhari,NA,True,True,False,True,True
cell_1135,TGGCCAGTCGGATGTT,TRDV2*01,CACDSLTGRTDKLIF,TRDJ1*01,NA,NA,NA,SRR22007508,Bukhari,Bukhari,True,NA,True,True,False,True
cell_1136,TTCTCCTGCCAATGTA,NA,NA,NA,TRGV9*01,CALWEVPELGKKIKVF,TRGJP*01,SRR22007508,Bukhari,Bukhari,NA,True,True,False,True,True
cell_1137,TTTACTGCCAATGTAT,NA,NA,NA,TRGV8*01,CATWNYYKKLF,TRGJ1*01,SRR22007508,Bukhari,Bukhari,NA,True,True,False,True,True
cell_1138,AACTGGTGTATCTTAA,NA,NA,NA,TRGV2*03,CATWDGLKKLF,TRGJ1*01,SRR22007509,Bukhari,Bukhari,NA,True,True,False,True,True
cell_1139,AATCCAGTGTATCTTA,NA,NA,NA,TRGV10*02,CAAWDPYTTGWFKIF,TRGJP1*01,SRR22007509,Bukhari,Bukhari,NA,True,True,False,True,True
cell_1140,AATCGGTAGTCCCACG,NA,NA,NA,TRGV9*01,CALWEGYTTGWF,TRGJP1*01,SRR22007509,Bukhari,Bukhari,NA,True,True,False,True,True
cell_1141,ACAGCTATCCAAAGTC,TRDV2*01,CACDTVGGYTDKLIF,TRDJ1*01,NA,NA,NA,SRR22007509,Bukhari,Bukhari,True,NA,True,True,False,True
cell_1142,ACGCCAATGTATCTTA,NA,NA,NA,TRGV9*01,CALWEVQELGKKIKVF,TRGJP*01,SRR22007509,Bukhari,Bukhari,NA,True,True,False,True,True
cell_1143,ACTGATGAGAGGTACC,TRDV2*01,CDTVGGYTDKLIF,TRDJ1*01,NA,NA,NA,SRR22007509,Bukhari,Bukhari,True,NA,True,True,False,True
cell_1144,ACTTCTGTAGAGTCTA,NA,NA,NA,TRGV10*02,CAAWDYYKKLF,TRGJ1*01,SRR22007509,Bukhari,Bukhari,NA,True,True,False,True,True
cell_1145,AGCTCTCCTTTTCTTG,NA,NA,NA,TRGV9*01,CALWEVLDYYKKLF,TRGJ1*01,SRR22007509,Bukhari,Bukhari,NA,True,True,False,True,True
cell_1146,AGCTGATGTATCTTAA,NA,NA,NA,TRGV9*01,CALWETQELGKKIKVF,TRGJP*01,SRR22007509,Bukhari,Bukhari,NA,True,True,False,True,True
cell_1147,AGTCTTCATGGTGTTC,NA,NA,NA,TRGV3*01,CATWDRPEDKKLF,TRGJ1*02|TRGJ2*01,SRR22007509,Bukhari,Bukhari,NA,True,True,False,True,True
cell_1148,CACCACTGTATCTTAA,NA,NA,NA,TRGV8*01,CATWALYYKKLF,TRGJ1*02|TRGJ2*01,SRR22007509,Bukhari,Bukhari,NA,True,True,False,True,True
cell_1149,CCATGTCGTGAAAGAG,NA,NA,NA,TRGV3*01,CATWPPMRYKKLF,TRGJ1*01,SRR22007509,Bukhari,Bukhari,NA,True,True,False,True,True
cell_1150,CCATGTCTGACGATAC,NA,NA,NA,TRGV4*01,CATWPPMRYKKLF,TRGJ1*02|TRGJ2*01,SRR22007509,Bukhari,Bukhari,NA,True,True,False,True,True
cell_1151,CGCCAAGGTTATCGGT,TRDV2*01,CACTGGRLTAQLFF,TRDJ2*01,NA,NA,NA,SRR22007509,Bukhari,Bukhari,True,NA,True,True,False,True
cell_1152,CGGACGTGTGACCAAG,NA,NA,NA,TRGV2*01,CATWDGPGNSDWIKTF,TRGJP2*01,SRR22007509,Bukhari,Bukhari,NA,True,True,False,True,True
cell_1153,CGTTCTTTGTCCAGTG,NA,NA,NA,TRGV3*01,CATWDTYYYKKLF,TRGJ1*01,SRR22007509,Bukhari,Bukhari,NA,True,True,False,True,True
cell_1154,CTCAGAATCATGTCTT,TRDV1*01,CALGERPSYTDKLIF,TRDJ1*01,NA,NA,NA,SRR22007509,Bukhari,Bukhari,True,NA,True,True,False,True
cell_1155,CTCGGGAAGGCGATAC,NA,NA,NA,TRGV3*01,CATRGYKKLF,TRGJ1*02|TRGJ2*01,SRR22007509,Bukhari,Bukhari,NA,True,True,False,True,True
cell_1156,CTGCTAATGTATCTTA,NA,NA,NA,TRGV10*01,CAAWFPQDYYKKLF,TRGJ1*02|TRGJ2*01,SRR22007509,Bukhari,Bukhari,NA,True,True,False,True,True
cell_1157,CTGCTTATGTATCTTA,NA,NA,NA,TRGV4*01,CATWDSKKLF,TRGJ1*01,SRR22007509,Bukhari,Bukhari,NA,True,True,False,True,True
cell_1158,GACCAATGTATCTTAA,NA,NA,NA,TRGV10*02,CAAWDYGSQGKLF,TRGJ1*02|TRGJ2*01,SRR22007509,Bukhari,Bukhari,NA,True,True,False,True,True
cell_1159,GACGTTACATCTGTGT,NA,NA,NA,TRGV10*02,CAAWGIKKLF,TRGJ1*01,SRR22007509,Bukhari,Bukhari,NA,True,True,False,True,True
cell_1160,GCTTCCAAGTGGAGAA,TRDV2*03,CACDTIGTRGYTDKLIF,TRDJ1*01,NA,NA,NA,SRR22007509,Bukhari,Bukhari,True,NA,True,True,False,True
cell_1161,GGCAATTTCTTCATGT,NA,NA,NA,TRGV9*01,CALWEVLDYYKKLF,TRGJ1*02|TRGJ2*01,SRR22007509,Bukhari,Bukhari,NA,True,True,False,True,True
cell_1162,GGCGCTGTTAACCAGC,NA,NA,NA,TRGV2*01,CATWDGRTYYKKLF,TRGJ1*02|TRGJ2*01,SRR22007509,Bukhari,Bukhari,NA,True,True,False,True,True
cell_1163,GTAGGCCATCCGCGAC,NA,NA,NA,TRGV1*01,CATWDRTKKLF,TRGJ1*02|TRGJ2*01,SRR22007509,Bukhari,Bukhari,NA,True,True,False,True,True
cell_1164,GTATCTTAATAATATC,NA,NA,NA,TRGV9*01,CALWEVQGWYKKLF,TRGJ1*01,SRR22007509,Bukhari,Bukhari,NA,True,True,False,True,True
cell_1165,GTCAAATGTATCTTAA,NA,NA,NA,TRGV4*01,CATWVFGEKLF,TRGJ1*01,SRR22007509,Bukhari,Bukhari,NA,True,True,False,True,True
cell_1166,GTCTTCACTTCAAAGT,TRDV1*01,CALGMVYRETDKLIF,TRDJ1*01,NA,NA,NA,SRR22007509,Bukhari,Bukhari,True,NA,True,True,False,True
cell_1167,GTCTTCGCTTCAAAGT,TRDV2*01,CACDTSDGGPSSWDTRQMFF,TRDJ3*01,NA,NA,NA,SRR22007509,Bukhari,Bukhari,True,NA,True,True,False,True
cell_1168,GTCTTGCCAATGTATC,NA,NA,NA,TRGV2*03,CATWDDRGKLF,TRGJ1*01,SRR22007509,Bukhari,Bukhari,NA,True,True,False,True,True
cell_1169,GTTCCCCTCCTGGGAT,NA,NA,NA,TRGV10*01,CAAVGGTTGWFKIF,TRGJP1*01,SRR22007509,Bukhari,Bukhari,NA,True,True,False,True,True
cell_1170,TAGACCAATGTATCTT,NA,NA,NA,TRGV10*02,CAAWGFLSNYYKKLF,TRGJ1*02|TRGJ2*01,SRR22007509,Bukhari,Bukhari,NA,True,True,False,True,True
cell_1171,TAGCCAATGTATCTTA,NA,NA,NA,TRGV10*02,CAAWGFLSNYYKKLF,TRGJ1*01,SRR22007509,Bukhari,Bukhari,NA,True,True,False,True,True
cell_1172,TCACAAGACAAGCGAC,TRDV1*01,CALGRGGWGISYKLIF,TRDJ1*01,NA,NA,NA,SRR22007509,Bukhari,Bukhari,True,NA,True,True,False,True
cell_1173,TCGGGTCGGAATCTTG,NA,NA,NA,TRGV10*02,CAAWDYIYYKKLF,TRGJ1*01,SRR22007509,Bukhari,Bukhari,NA,True,True,False,True,True
cell_1174,TCGTAGAATCTGTCTT,TRDV1*01,CALGELRSYGGWYTDKLIF,TRDJ1*01,NA,NA,NA,SRR22007509,Bukhari,Bukhari,True,NA,True,True,False,True
cell_1175,TCGTAGACACGAAATA,NA,NA,NA,TRGV2*01,CATWDGHYYKKLF,TRGJ1*01,SRR22007509,Bukhari,Bukhari,NA,True,True,False,True,True
cell_1176,TGACGGCCAATTCCTT,TRDV2*03,CACVAMSVAGGWSYTDKLIF,TRDJ1*01,NA,NA,NA,SRR22007509,Bukhari,Bukhari,True,NA,True,True,False,True
cell_1177,TGACTTTGTATCTTAA,NA,NA,NA,TRGV2*03,CATWDAYSSDWIKTF,TRGJP2*01,SRR22007509,Bukhari,Bukhari,NA,True,True,False,True,True
cell_1178,TGCCAAATGTATCTTA,NA,NA,NA,TRGV4*01,CATWGYKKLF,TRGJ1*01,SRR22007509,Bukhari,Bukhari,NA,True,True,False,True,True
cell_1179,TGCCAATGCATCTTAA,NA,NA,NA,TRGV10*02,CAAWDLNYKKLF,TRGJ1*02|TRGJ2*01,SRR22007509,Bukhari,Bukhari,NA,True,True,False,True,True
cell_1180,TGCCCATGTATCTTAA,NA,NA,NA,TRGV4*01,CATWAIYYKKLF,TRGJ1*01,SRR22007509,Bukhari,Bukhari,NA,True,True,False,True,True
cell_1181,TGCCCTATGTATCTTA,NA,NA,NA,TRGV1*01,CATWDRHLPGQKLF,TRGJ1*01,SRR22007509,Bukhari,Bukhari,NA,True,True,False,True,True
cell_1182,TGCCTATGTATCTTAA,NA,NA,NA,TRGV3*01,CATEYCKKLF,TRGJ1*02|TRGJ2*01,SRR22007509,Bukhari,Bukhari,NA,True,True,False,True,True
cell_1183,TGGCCGATGTATCTTA,NA,NA,NA,TRGV9*01,CALWEAEEELGKKIKVF,TRGJP*01,SRR22007509,Bukhari,Bukhari,NA,True,True,False,True,True
cell_1184,TGTCCCAATGTATCTT,NA,NA,NA,TRGV8*01,CATWVQNEKLF,TRGJ1*01,SRR22007509,Bukhari,Bukhari,NA,True,True,False,True,True
cell_1185,TTAACTCAGTGTTAGA,TRDV2*01,CACDTLTGGPYTDKLIF,TRDJ1*01,NA,NA,NA,SRR22007509,Bukhari,Bukhari,True,NA,True,True,False,True
cell_1186,TTCTAATGTATCTTAA,NA,NA,NA,TRGV4*01,CATWVWGDYKKLF,TRGJ1*01,SRR22007509,Bukhari,Bukhari,NA,True,True,False,True,True
cell_1187,TTCTTAGCCAATGTAT,NA,NA,NA,TRGV4*02,CATWAPYYKKLF,TRGJ1*02|TRGJ2*01,SRR22007509,Bukhari,Bukhari,NA,True,True,False,True,True
cell_1188,TTGCCGTATGTATCTT,NA,NA,NA,TRGV9*01,CALWEGQELGKKIKVF,TRGJP*01,SRR22007509,Bukhari,Bukhari,NA,True,True,False,True,True
cell_1189,TTTGTCAATGTATCTT,NA,NA,NA,TRGV5P*02,CATGGYYKKLF,TRGJ1*02|TRGJ2*01,SRR22007509,Bukhari,Bukhari,NA,True,True,False,True,True
cell_1190,TTTGTTGCCAATGTAT,NA,NA,NA,TRGV2*03,CATWDGTRVIGKKLF,TRGJ1*01,SRR22007509,Bukhari,Bukhari,NA,True,True,False,True,True
cell_1191,AACTGGTGTATCTTAA,NA,NA,NA,TRGV2*03,CATWDGLKKLF,TRGJ1*02|TRGJ2*01,SRR22007510,Bukhari,Bukhari,NA,True,True,False,True,True
cell_1192,AATCGGTAGTCCCACG,TRDV1*01,CALGETRIRQKLIF,TRDJ1*01,NA,NA,NA,SRR22007510,Bukhari,Bukhari,True,NA,True,True,False,True
cell_1193,AGACGTTCTCTAGACG,NA,NA,NA,TRGV8*01,CATWDTLHYKKLF,TRGJ1*02|TRGJ2*01,SRR22007510,Bukhari,Bukhari,NA,True,True,False,True,True
cell_1194,AGCCAATGTATCTTAA,NA,NA,NA,TRGV9*01,CALWEVVVELGKKIKVF,TRGJP*01,SRR22007510,Bukhari,Bukhari,NA,True,True,False,True,True
cell_1195,AGCCTAAGTAGTGAAT,TRDV2*01,CDTIGQGLGPYTDKLIF,TRDJ1*01,NA,NA,NA,SRR22007510,Bukhari,Bukhari,True,NA,True,True,False,True
cell_1196,AGCTCTCCTTGTCTTG,NA,NA,NA,TRGV9*01,CALWEVLDYYKKLF,TRGJ1*02|TRGJ2*01,SRR22007510,Bukhari,Bukhari,NA,True,True,False,True,True
cell_1197,AGCTGATGTATCTTAA,NA,NA,NA,TRGV9*01,CALWETQELGKKIKVF,TRGJP*01,SRR22007510,Bukhari,Bukhari,NA,True,True,False,True,True
cell_1198,ATCCGAAAGCTCCTCT,NA,NA,NA,TRGV9*01,CALWEVQELGKKIKVF,TRGJP*01,SRR22007510,Bukhari,Bukhari,NA,True,True,False,True,True
cell_1199,ATTGGTGTTCCCCTCC,NA,NA,NA,TRGV10*02,CAAWDDSGTTGWF,TRGJP1*01,SRR22007510,Bukhari,Bukhari,NA,True,True,False,True,True
cell_1200,CATGGCGATGTATCTT,NA,NA,NA,TRGV2*03,CATWDGGSICKKLF,TRGJ1*01,SRR22007510,Bukhari,Bukhari,NA,True,True,False,True,True
cell_1201,CCATGTCTGACGATAC,NA,NA,NA,TRGV4*01,CATWPPMRYKKLF,TRGJ1*02|TRGJ2*01,SRR22007510,Bukhari,Bukhari,NA,True,True,False,True,True
cell_1202,CCTTCCCAATGTATCT,NA,NA,NA,TRGV4*01,CATWDGFYYYKKLF,TRGJ1*02|TRGJ2*01,SRR22007510,Bukhari,Bukhari,NA,True,True,False,True,True
cell_1203,CGCCAGTGTATCTTAA,NA,NA,NA,TRGV4*01,CATWDGYKKLF,TRGJ1*02|TRGJ2*01,SRR22007510,Bukhari,Bukhari,NA,True,True,False,True,True
cell_1204,CTGATAGCAACAACCT,TRDV2*01,CACDPLIQADKLIF,TRDJ1*01,NA,NA,NA,SRR22007510,Bukhari,Bukhari,True,NA,True,True,False,True
cell_1205,CTGCTAATGTATCTTA,NA,NA,NA,TRGV10*01,CAAWFPQDYYKKLF,TRGJ1*02|TRGJ2*01,SRR22007510,Bukhari,Bukhari,NA,True,True,False,True,True
cell_1206,CTGCTGTATGTATCTT,NA,NA,NA,TRGV9*01,CALWEVLDYYKKLF,TRGJ1*01,SRR22007510,Bukhari,Bukhari,NA,True,True,False,True,True
cell_1207,GACGTTACATCTGTGT,NA,NA,NA,TRGV10*02,CAAWGIKKLF,TRGJ1*02|TRGJ2*01,SRR22007510,Bukhari,Bukhari,NA,True,True,False,True,True
cell_1208,GCCAATGTATCTTAAT,NA,NA,NA,TRGV10*01,CAAVGGTTGWFKIF,TRGJP1*01,SRR22007510,Bukhari,Bukhari,NA,True,True,False,True,True
cell_1209,GCGCGATAGTTCCACA,TRDV2*01,CACDTIGTRGYTDKLIF,TRDJ1*01,NA,NA,NA,SRR22007510,Bukhari,Bukhari,True,NA,True,True,False,True
cell_1210,GCTTCCAAGTGGAGAA,TRDV2*01,CDTIGTRGYTDKLIF,TRDJ1*01,NA,NA,NA,SRR22007510,Bukhari,Bukhari,True,NA,True,True,False,True
cell_1211,GGAATAATCGACAGCC,NA,NA,NA,TRGV3*01,CHLGQDTLF,TRGJ1*02|TRGJ2*01,SRR22007510,Bukhari,Bukhari,NA,True,True,False,True,True
cell_1212,GGCGCTGTTAACCAGC,NA,NA,NA,TRGV2*01,CATWDGRTYYKKLF,TRGJ1*02|TRGJ2*01,SRR22007510,Bukhari,Bukhari,NA,True,True,False,True,True
cell_1213,GGGACCTCCGATCTGG,TRDV1*01,CALGDRPLRLIF,TRDJ1*01,NA,NA,NA,SRR22007510,Bukhari,Bukhari,True,NA,True,True,False,True
cell_1214,GTACTTTATTGGAGGA,NA,NA,NA,TRGV2*03,CATGGWIKTF,TRGJP2*01,SRR22007510,Bukhari,Bukhari,NA,True,True,False,True,True
cell_1215,GTCTTCACTTCAAAGT,TRDV1*01,CALGMVYRETDKLIF,TRDJ1*01,NA,NA,NA,SRR22007510,Bukhari,Bukhari,True,NA,True,True,False,True
cell_1216,GTCTTCGCTTCAAAGT,TRDV2*01,CACDTSDGGPSSWDTRQMFF,TRDJ3*01,NA,NA,NA,SRR22007510,Bukhari,Bukhari,True,NA,True,True,False,True
cell_1217,GTCTTCGTCCAAGCCG,TRDV2*03,CACDTSDGGPSSWDTRQMFF,TRDJ3*01,NA,NA,NA,SRR22007510,Bukhari,Bukhari,True,NA,True,True,False,True
cell_1218,GTGCACAGTTTTATTG,TRDV2*01,CACDSLTGRTDKLIF,TRDJ1*01,NA,NA,NA,SRR22007510,Bukhari,Bukhari,True,NA,True,True,False,True
cell_1219,GTGCATATGTATCTTA,NA,NA,NA,TRGV10*02,CAAWVPDYYKKLF,TRGJ1*02|TRGJ2*01,SRR22007510,Bukhari,Bukhari,NA,True,True,False,True,True
cell_1220,TCAGGTATCCTTGCCA,NA,NA,NA,TRGV8*01,CATWDSYYKKLF,TRGJ1*01,SRR22007510,Bukhari,Bukhari,NA,True,True,False,True,True
cell_1221,TCGGGTCGGAATCTTG,NA,NA,NA,TRGV10*02,CAAWDYIYYKKLF,TRGJ1*01,SRR22007510,Bukhari,Bukhari,NA,True,True,False,True,True
cell_1222,TCGTAGAATCTGTCTT,TRDV1*01,CALGELRSYGGWYTDKLIF,TRDJ1*01,NA,NA,NA,SRR22007510,Bukhari,Bukhari,True,NA,True,True,False,True
cell_1223,TCGTAGACAAATTGCC,NA,NA,NA,TRGV4*01,CATWDGYYKKLF,TRGJ1*02|TRGJ2*01,SRR22007510,Bukhari,Bukhari,NA,True,True,False,True,True
cell_1224,TCTATTGTATCTTAAT,NA,NA,NA,TRGV8*01,CATWDPPGWFKIF,TRGJP1*01,SRR22007510,Bukhari,Bukhari,NA,True,True,False,True,True
cell_1225,TGACTTTGTATCTTAA,NA,NA,NA,TRGV2*03,CATWDAYSSDWIKTF,TRGJP2*01,SRR22007510,Bukhari,Bukhari,NA,True,True,False,True,True
cell_1226,TGCCAAATGTATCTTA,NA,NA,NA,TRGV5*01,CATVYYKKLF,TRGJ1*02|TRGJ2*01,SRR22007510,Bukhari,Bukhari,NA,True,True,False,True,True
cell_1227,TGCCCATGTATCTTAA,NA,NA,NA,TRGV4*02,CATWAIYYKKLF,TRGJ1*01,SRR22007510,Bukhari,Bukhari,NA,True,True,False,True,True
cell_1228,TGCCCTATGTATCTTA,NA,NA,NA,TRGV3*01,CATWDRPNYKKLF,TRGJ1*01,SRR22007510,Bukhari,Bukhari,NA,True,True,False,True,True
cell_1229,TGCCTATGTATCTTAA,NA,NA,NA,TRGV4*02,CATWEKLF,TRGJ1*02|TRGJ2*01,SRR22007510,Bukhari,Bukhari,NA,True,True,False,True,True
cell_1230,TGCGGGTGTATCTTAA,NA,NA,NA,TRGV4*01,CATWDEELF,TRGJ1*02|TRGJ2*01,SRR22007510,Bukhari,Bukhari,NA,True,True,False,True,True
cell_1231,TGCTAATGTATCTTAA,NA,NA,NA,TRGV4*01,CATWDGPRSYKKLF,TRGJ1*02|TRGJ2*01,SRR22007510,Bukhari,Bukhari,NA,True,True,False,True,True
cell_1232,TGGCCGATGTATCTTA,NA,NA,NA,TRGV9*01,CALWEAEEELGKKIKVF,TRGJP*01,SRR22007510,Bukhari,Bukhari,NA,True,True,False,True,True
cell_1233,TTAACTCAGTGTTAGA,TRDV2*01,CACDTLTGGPYTDKLIF,TRDJ1*01,NA,NA,NA,SRR22007510,Bukhari,Bukhari,True,NA,True,True,False,True
cell_1234,TTCTCAATGTATCTTA,NA,NA,NA,TRGV10*01,CAAGNYYKKLF,TRGJ1*01,SRR22007510,Bukhari,Bukhari,NA,True,True,False,True,True
cell_1235,TTCTTGCCAATGTATC,NA,NA,NA,TRGV9*01,CALWEGKKLF,TRGJ1*01,SRR22007510,Bukhari,Bukhari,NA,True,True,False,True,True
cell_1236,TTTCTTGCCAATGTAT,NA,NA,NA,TRGV3*01,CHLGPYYYKKLF,TRGJ1*02|TRGJ2*01,SRR22007510,Bukhari,Bukhari,NA,True,True,False,True,True
cell_1237,TTTGTTGCCAATGTAT,NA,NA,NA,TRGV2*03,CATWDGTRVIGKKLF,TRGJ1*01,SRR22007510,Bukhari,Bukhari,NA,True,True,False,True,True
cell_1238,AAAGATGCAAGTACCT,NA,NA,NA,TRGV2*01,CATWDGPNYYKKLF,TRGJ1*02|TRGJ2*01,SRR22007511,Bukhari,Bukhari,NA,True,True,False,True,True
cell_1239,AACTCTTAGCGACGTA,TRDV2*01,CACDTVGGYTDKLIF,TRDJ1*01,NA,NA,NA,SRR22007511,Bukhari,Bukhari,True,NA,True,True,False,True
cell_1240,AAGTCTGACGATACAT,NA,NA,NA,TRGV9*01,CALWEGQELGKKIKVF,TRGJP*01,SRR22007511,Bukhari,Bukhari,NA,True,True,False,True,True
cell_1241,ACCCACTGTATCTTAA,NA,NA,NA,TRGV9*01,CALWEVFF,TRGJP1*01,SRR22007511,Bukhari,Bukhari,NA,True,True,False,True,True
cell_1242,ACCTTTATCAGTACGT,TRDV2*01,CACDTIGTRGYTDKLIF,TRDJ1*01,NA,NA,NA,SRR22007511,Bukhari,Bukhari,True,NA,True,True,False,True
cell_1243,ACGCCAATGTATCTTA,NA,NA,NA,TRGV4*01,CATWDGLLDYYKKLF,TRGJ1*02|TRGJ2*01,SRR22007511,Bukhari,Bukhari,NA,True,True,False,True,True
cell_1244,AGATTGCTCTTCTTTT,NA,NA,NA,TRGV10*01,CAAWFPQDYYKKLF,TRGJ1*02|TRGJ2*01,SRR22007511,Bukhari,Bukhari,NA,True,True,False,True,True
cell_1245,AGCCTAATGTATCTTA,NA,NA,NA,TRGV9*01,CALWEVQGWYKKLF,TRGJ1*01,SRR22007511,Bukhari,Bukhari,NA,True,True,False,True,True
cell_1246,AGCGTATGTTGTCGCC,NA,NA,NA,TRGV9*01,CALWEVLDYYKKLF,TRGJ1*02|TRGJ2*01,SRR22007511,Bukhari,Bukhari,NA,True,True,False,True,True
cell_1247,AGCTCTCATGTCTGAC,NA,NA,NA,TRGV9*01,CALWEVQELGKKIKVF,TRGJP*01,SRR22007511,Bukhari,Bukhari,NA,True,True,False,True,True
cell_1248,AGTTGGTTCCTTCAAT,NA,NA,NA,TRGV9*01,CALWEDKKLF,TRGJ1*02|TRGJ2*01,SRR22007511,Bukhari,Bukhari,NA,True,True,False,True,True
cell_1249,ATCTACTCAGTAAGAT,TRDV2*01,CACDTVTGGYADKLIF,TRDJ1*01,NA,NA,NA,SRR22007511,Bukhari,Bukhari,True,NA,True,True,False,True
cell_1250,ATGTCAATGTATCTTA,NA,NA,NA,TRGV9*01,CALWEVEELGKKIKVF,TRGJP*01,SRR22007511,Bukhari,Bukhari,NA,True,True,False,True,True
cell_1251,CACATAGTCTGAGGGG,NA,NA,NA,TRGV4*01,CATWDDYKKLF,TRGJ1*01,SRR22007511,Bukhari,Bukhari,NA,True,True,False,True,True
cell_1252,CAGCCGATGTATCTTA,NA,NA,NA,TRGV3*01,CATWDRYYYKKLF,TRGJ1*01,SRR22007511,Bukhari,Bukhari,NA,True,True,False,True,True
cell_1253,CCTACCAATGTATCTT,NA,NA,NA,TRGV10*02,CAAWDYYKKLF,TRGJ1*01,SRR22007511,Bukhari,Bukhari,NA,True,True,False,True,True
cell_1254,CCTACCAGTCTCTCGT,TRDV2*03,CACDTWDVLGDLKLIF,TRDJ1*01,TRGV4*01,CATWDGGSYYKKLF,TRGJ1*02|TRGJ2*01,SRR22007511,Bukhari,Bukhari,True,True,True,True,True,True
cell_1255,CGAGCCAATGTATCTT,NA,NA,NA,TRGV9*01,CALWEVLDYYKKLF,TRGJ1*01,SRR22007511,Bukhari,Bukhari,NA,True,True,False,True,True
cell_1256,CGCTTCATCACTTCAT,NA,NA,NA,TRGV9*01,CALWEVQNYYKKLF,TRGJ1*02|TRGJ2*01,SRR22007511,Bukhari,Bukhari,NA,True,True,False,True,True
cell_1257,CTGCCAATGTATCTTA,NA,NA,NA,TRGV10*02,CAAWDYPNYYKKLF,TRGJ1*02|TRGJ2*01,SRR22007511,Bukhari,Bukhari,NA,True,True,False,True,True
cell_1258,CTGCCTATGTATCTTA,NA,NA,NA,TRGV10*02,CAAWDYPNYYKKLF,TRGJ1*01,SRR22007511,Bukhari,Bukhari,NA,True,True,False,True,True
cell_1259,CTGTGCTAATGTATCT,NA,NA,NA,TRGV2*01,CATWDVAADYYKKLF,TRGJ1*01,SRR22007511,Bukhari,Bukhari,NA,True,True,False,True,True
cell_1260,CTTAGGAGTCTCACCT,NA,NA,NA,TRGV8*01,CATWEPSNYYKKLF,TRGJ1*02|TRGJ2*01,SRR22007511,Bukhari,Bukhari,NA,True,True,False,True,True
cell_1261,GCATGATAGGTGTGGT,TRDV1*01,CAPRPPTDKLIF,TRDJ1*01,NA,NA,NA,SRR22007511,Bukhari,Bukhari,True,NA,True,True,False,True
cell_1262,GGCCGATCAGGTGGAT,NA,NA,NA,TRGV4*01,CATWESYYKKLF,TRGJ1*01,SRR22007511,Bukhari,Bukhari,NA,True,True,False,True,True
cell_1263,GGGCATCGTAACGACG,NA,NA,NA,TRGV9*01,CAYNYYKKLF,TRGJ1*02|TRGJ2*01,SRR22007511,Bukhari,Bukhari,NA,True,True,False,True,True
cell_1264,GTATCTTAATAATATC,NA,NA,NA,TRGV9*01,CALWEVQNYYKKLF,TRGJ1*01,SRR22007511,Bukhari,Bukhari,NA,True,True,False,True,True
cell_1265,GTCTTCGCTTCAAAGT,TRDV1*01,CALGELPILADKLIF,TRDJ1*01,NA,NA,NA,SRR22007511,Bukhari,Bukhari,True,NA,True,True,False,True
cell_1266,GTCTTCGTGGTGTTCC,NA,NA,NA,TRGV10*02,CAAWDGGTKLF,TRGJ1*02|TRGJ2*01,SRR22007511,Bukhari,Bukhari,NA,True,True,False,True,True
cell_1267,GTGCTTCTTTGTCCAG,NA,NA,NA,TRGV10*02,CAAWDGGTGWFKIF,TRGJP1*01,SRR22007511,Bukhari,Bukhari,NA,True,True,False,True,True
cell_1268,GTTCATTGACTCTTCT,NA,NA,NA,TRGV2*01,CATWDGVEKLF,TRGJ1*02|TRGJ2*01,SRR22007511,Bukhari,Bukhari,NA,True,True,False,True,True
cell_1269,TACTTACCACAGTCGC,TRDV2*01,CACDVLGDGSTDKLIF,TRDJ1*01,NA,NA,NA,SRR22007511,Bukhari,Bukhari,True,NA,True,True,False,True
cell_1270,TAGCCAATGTATCTTA,NA,NA,NA,TRGV2*01,CATWDGHWAF,TRGJP2*01,SRR22007511,Bukhari,Bukhari,NA,True,True,False,True,True
cell_1271,TCACGAAGGGTCTCCC,NA,NA,NA,TRGV3*01,CATWDTNTTGWFKIF,TRGJP1*01,SRR22007511,Bukhari,Bukhari,NA,True,True,False,True,True
cell_1272,TCCCGATGTATCTTAA,NA,NA,NA,TRGV3*01,CATWDRLKRYYKKLF,TRGJ1*01,SRR22007511,Bukhari,Bukhari,NA,True,True,False,True,True
cell_1273,TCTATTGCCAATGTAT,NA,NA,NA,TRGV3*01,CATWANTGWFKIF,TRGJP1*01,SRR22007511,Bukhari,Bukhari,NA,True,True,False,True,True
cell_1274,TGACAACGTATCTTAA,NA,NA,NA,TRGV10*01,CAAQPKKLF,TRGJ1*01,SRR22007511,Bukhari,Bukhari,NA,True,True,False,True,True
cell_1275,TGACAACGTATCTTAT,NA,NA,NA,TRGV10*02,CAAWDLYYKKLF,TRGJ1*01,SRR22007511,Bukhari,Bukhari,NA,True,True,False,True,True
cell_1276,TGACTTTGTATCTTAA,NA,NA,NA,TRGV9*01,CALWEDRELGKKIKVF,TRGJP*01,SRR22007511,Bukhari,Bukhari,NA,True,True,False,True,True
cell_1277,TGCACCTAGACCTAGG,TRDV2*01,CACDTFPTLGVYTDKLIF,TRDJ1*01,NA,NA,NA,SRR22007511,Bukhari,Bukhari,True,NA,True,True,False,True
cell_1278,TGCCAAATGTATCTTA,NA,NA,NA,TRGV2*01,CATWDGFYYYKKLF,TRGJ1*02|TRGJ2*01,SRR22007511,Bukhari,Bukhari,NA,True,True,False,True,True
cell_1279,TGCCAATGTATCTTAA,NA,NA,NA,TRGV2*03,CATWDGPLSYYKKLF,TRGJ1*01,SRR22007511,Bukhari,Bukhari,NA,True,True,False,True,True
cell_1280,TGCCCATGTATCTTAA,NA,NA,NA,TRGV5P*02,CATWGDWIKTF,TRGJP2*01,SRR22007511,Bukhari,Bukhari,NA,True,True,False,True,True
cell_1281,TGCCCTATGTATCTTA,NA,NA,NA,TRGV10*01,CAAGKKLF,TRGJ1*02|TRGJ2*01,SRR22007511,Bukhari,Bukhari,NA,True,True,False,True,True
cell_1282,TGGCCAGAGCCGTCGT,NA,NA,NA,TRGV2*01,CATWDADKKLF,TRGJ1*02|TRGJ2*01,SRR22007511,Bukhari,Bukhari,NA,True,True,False,True,True
cell_1283,TGGCCAGGTCTTGATG,NA,NA,NA,TRGV10*02,CVGSKWGKLF,TRGJ1*02|TRGJ2*01,SRR22007511,Bukhari,Bukhari,NA,True,True,False,True,True
cell_1284,TGTGGTACACTTAACG,NA,NA,NA,TRGV4*01,CATWDGFYYYKKLF,TRGJ1*02|TRGJ2*01,SRR22007511,Bukhari,Bukhari,NA,True,True,False,True,True
cell_1285,TTTGGTTTCCAGATCA,NA,NA,NA,TRGV9*01,CALWEESNYYKKLF,TRGJ1*01,SRR22007511,Bukhari,Bukhari,NA,True,True,False,True,True
cell_1286,TTTGGTTTTACGTGAT,TRDV1*01,CALGERRGYLRYTDKLIF,TRDJ1*01,NA,NA,NA,SRR22007511,Bukhari,Bukhari,True,NA,True,True,False,True
cell_1287,AAAGATGCAAGTACCT,NA,NA,NA,TRGV2*01,CATWDGPNYYKKLF,TRGJ1*02|TRGJ2*01,SRR22007512,Bukhari,Bukhari,NA,True,True,False,True,True
cell_1288,AAGTCTGACGATACAT,NA,NA,NA,TRGV9*01,CVLWEGQELGKKIKVF,TRGJP*01,SRR22007512,Bukhari,Bukhari,NA,True,True,False,True,True
cell_1289,ACAGCTAATGTATCTT,NA,NA,NA,TRGV9*01,CALWEVHYKKLF,TRGJ1*02|TRGJ2*01,SRR22007512,Bukhari,Bukhari,NA,True,True,False,True,True
cell_1290,ACGCCAGTGTATCTTA,NA,NA,NA,TRGV9*01,CALWEVGELGKKKIKVF,TRGJP*01,SRR22007512,Bukhari,Bukhari,NA,True,True,False,True,True
cell_1291,ACGCCGATGTATCTTA,NA,NA,NA,TRGV10*01,CADYYKKLF,TRGJ1*01,SRR22007512,Bukhari,Bukhari,NA,True,True,False,True,True
cell_1292,AGCCAATGTATCTTAA,NA,NA,NA,TRGV9*01,CALWEGQELGKKIKVF,TRGJP*01,SRR22007512,Bukhari,Bukhari,NA,True,True,False,True,True
cell_1293,AGCCTATGTATCTTAA,NA,NA,NA,TRGV9*01,CALWEVLQELGKKIKVF,TRGJP*01,SRR22007512,Bukhari,Bukhari,NA,True,True,False,True,True
cell_1294,CACCACTTCAGTTGAC,NA,NA,NA,TRGV3*01,CATWDLNYYKKLF,TRGJ1*02|TRGJ2*01,SRR22007512,Bukhari,Bukhari,NA,True,True,False,True,True
cell_1295,CCATGTCTCGGAATTT,NA,NA,NA,TRGV8*01,CHLGFRGYKKLF,TRGJ1*02|TRGJ2*01,SRR22007512,Bukhari,Bukhari,NA,True,True,False,True,True
cell_1296,CCCAGTTCCGATCTCC,NA,NA,NA,TRGV2*01,CATWDGRTYYKKLF,TRGJ1*02|TRGJ2*01,SRR22007512,Bukhari,Bukhari,NA,True,True,False,True,True
cell_1297,CCCTCCTGGGATCCCA,NA,NA,NA,TRGV9*01,CALWEVLDYYKKLF,TRGJ1*02|TRGJ2*01,SRR22007512,Bukhari,Bukhari,NA,True,True,False,True,True
cell_1298,CCTACCAATGTATCTT,NA,NA,NA,TRGV10*02,CAAWDYYKKLF,TRGJ1*02|TRGJ2*01,SRR22007512,Bukhari,Bukhari,NA,True,True,False,True,True
cell_1299,CCTAGTTTCTGCTGTC,NA,NA,NA,TRGV10*01,CAAWPLNYYKKLF,TRGJ1*02|TRGJ2*01,SRR22007512,Bukhari,Bukhari,NA,True,True,False,True,True
cell_1300,CCTGCCAATGTATCTT,NA,NA,NA,TRGV8*01,CATWDLGYYKKLF,TRGJ1*02|TRGJ2*01,SRR22007512,Bukhari,Bukhari,NA,True,True,False,True,True
cell_1301,CCTTTCTTTTTTCTAA,NA,NA,NA,TRGV4*01,CATWDLGYYKKLF,TRGJ1*01,SRR22007512,Bukhari,Bukhari,NA,True,True,False,True,True
cell_1302,CGAGCCAATGTATCTT,NA,NA,NA,TRGV10*02,CAAWGSLGWFKIF,TRGJP1*01,SRR22007512,Bukhari,Bukhari,NA,True,True,False,True,True
cell_1303,CTCATTACAGCCTTGG,TRDV2*01,CACDTIGTRGYTDKLIF,TRDJ1*01,TRGV9*01,CALWEVLQELGRKIKVF,TRGJP*01,SRR22007512,Bukhari,Bukhari,True,True,True,True,True,True
cell_1304,CTCCTAGCACCGCTAG,NA,NA,NA,TRGV8*01,CATWDIGLNYYKKLF,TRGJ1*01,SRR22007512,Bukhari,Bukhari,NA,True,True,False,True,True
cell_1305,CTCCTGGGATCCCAGA,NA,NA,NA,TRGV4*01,CATWDEDYYKKLF,TRGJ1*01,SRR22007512,Bukhari,Bukhari,NA,True,True,False,True,True
cell_1306,CTGCCAATGTATCTTA,NA,NA,NA,TRGV10*02,CAAWDYPNYYKKLF,TRGJ1*01,SRR22007512,Bukhari,Bukhari,NA,True,True,False,True,True
cell_1307,CTTAGGAGTCTCACCT,NA,NA,NA,TRGV3*01,CATWEPSNYYKKLF,TRGJ1*01,SRR22007512,Bukhari,Bukhari,NA,True,True,False,True,True
cell_1308,GACGGTACATCTGTGT,NA,NA,NA,TRGV10*02,CAAWDLPNYYKKLF,TRGJ1*01,SRR22007512,Bukhari,Bukhari,NA,True,True,False,True,True
cell_1309,GACGTTATCTTGCCGT,TRDV2*01,CACDTVGGYTDKLIF,TRDJ1*01,NA,NA,NA,SRR22007512,Bukhari,Bukhari,True,NA,True,True,False,True
cell_1310,GACTAACATCTGTGTT,NA,NA,NA,TRGV4*01,CATWEDPYKKLF,TRGJ1*01,SRR22007512,Bukhari,Bukhari,NA,True,True,False,True,True
cell_1311,GAGTCCGGTGACTCTT,NA,NA,NA,TRGV3*01,CATWDSPNYYKKLF,TRGJ1*02|TRGJ2*01,SRR22007512,Bukhari,Bukhari,NA,True,True,False,True,True
cell_1312,GCACTCTTCTGGCACC,NA,NA,NA,TRGV2*01,CATWDGLAGSDWIKTF,TRGJP2*01,SRR22007512,Bukhari,Bukhari,NA,True,True,False,True,True
cell_1313,GCATGATAGGTGTGGT,NA,NA,NA,TRGV9*01,CALWEVMGLGKKIKVF,TRGJP*01,SRR22007512,Bukhari,Bukhari,NA,True,True,False,True,True
cell_1314,GCCAAATGTATCTTAA,NA,NA,NA,TRGV2*03,CATWDGRYKKLF,TRGJ1*02|TRGJ2*01,SRR22007512,Bukhari,Bukhari,NA,True,True,False,True,True
cell_1315,GGCCGATCAGGTGGAT,NA,NA,NA,TRGV4*01,CATWESYYKKLF,TRGJ1*01,SRR22007512,Bukhari,Bukhari,NA,True,True,False,True,True
cell_1316,GGTGTTAAGCAATCTC,TRDV2*03,CACDLMGDQAGKYTDKLIF,TRDJ1*01,NA,NA,NA,SRR22007512,Bukhari,Bukhari,True,NA,True,True,False,True
cell_1317,GTATCTTAATAACATC,NA,NA,NA,TRGV9*01,CALWEVGELGKKIKVF,TRGJP*01,SRR22007512,Bukhari,Bukhari,NA,True,True,False,True,True
cell_1318,GTATCTTAATAATATC,NA,NA,NA,TRGV9*01,CALWEVQNYYKKLF,TRGJ1*01,SRR22007512,Bukhari,Bukhari,NA,True,True,False,True,True
cell_1319,GTCTTCGCTTCAAAGT,TRDV1*01,CALGELPILADKLIF,TRDJ1*01,NA,NA,NA,SRR22007512,Bukhari,Bukhari,True,NA,True,True,False,True
cell_1320,GTCTTCGTGGTGTTCC,NA,NA,NA,TRGV10*02,CAAWDGGTKLF,TRGJ1*01,SRR22007512,Bukhari,Bukhari,NA,True,True,False,True,True
cell_1321,GTTTCTATCGCTGATA,TRDV1*01,CALGESNLSLGMYTDKLIF,TRDJ1*01,NA,NA,NA,SRR22007512,Bukhari,Bukhari,True,NA,True,True,False,True
cell_1322,TACTTACAGAGTGAGA,NA,NA,NA,TRGV9*01,CALWELSQLGKKIKVF,TRGJP*01,SRR22007512,Bukhari,Bukhari,NA,True,True,False,True,True
cell_1323,TAGCCGATGTATCTTA,NA,NA,NA,TRGV10*02,CAAWVIAEAKLYYKKLF,TRGJ1*02|TRGJ2*01,SRR22007512,Bukhari,Bukhari,NA,True,True,False,True,True
cell_1324,TCGTAGAAGCACCGCT,TRDV2*01,CAPVGPPYKLIF,TRDJ1*01,NA,NA,NA,SRR22007512,Bukhari,Bukhari,True,NA,True,True,False,True
cell_1325,TGACAACGTATCTTAA,NA,NA,NA,TRGV10*02,CAAWDLYYKKLF,TRGJ1*02|TRGJ2*01,SRR22007512,Bukhari,Bukhari,NA,True,True,False,True,True
cell_1326,TGACTTTGTATCTTAA,NA,NA,NA,TRGV4*01,CATWVWGDYKKLF,TRGJ1*01,SRR22007512,Bukhari,Bukhari,NA,True,True,False,True,True
cell_1327,TGCCAAAGTATCTTAA,NA,NA,NA,TRGV2*03,CATWDGPLSYYKKLF,TRGJ1*02|TRGJ2*01,SRR22007512,Bukhari,Bukhari,NA,True,True,False,True,True
cell_1328,TGCCAAATGTATCTTA,NA,NA,NA,TRGV2*01,CATWARGKLF,TRGJ1*02|TRGJ2*01,SRR22007512,Bukhari,Bukhari,NA,True,True,False,True,True
cell_1329,TGCCCATGTATCTTAA,NA,NA,NA,TRGV9*01,CALWEVQELGKKIKVF,TRGJP*01,SRR22007512,Bukhari,Bukhari,NA,True,True,False,True,True
cell_1330,TGCCCTATGTATCTTA,NA,NA,NA,TRGV3*01,CATWDRPGDWIKTF,TRGJP2*01,SRR22007512,Bukhari,Bukhari,NA,True,True,False,True,True
cell_1331,TGTATTCTCCATGAAC,TRDV2*01,CACDPVLGDTRTDKLIF,TRDJ1*01,NA,NA,NA,SRR22007512,Bukhari,Bukhari,True,NA,True,True,False,True
cell_1332,TGTCCCAATGTATCTT,NA,NA,NA,TRGV2*01,CATWDALNYYKKLF,TRGJ1*02|TRGJ2*01,SRR22007512,Bukhari,Bukhari,NA,True,True,False,True,True
cell_1333,TTGCCATGTTATCTAT,NA,NA,NA,TRGV3*01,CATWAPYYKKLF,TRGJ1*02|TRGJ2*01,SRR22007512,Bukhari,Bukhari,NA,True,True,False,True,True
cell_1334,AACCATGAGCTAGTGG,NA,NA,NA,TRGV9*01,CALWEVLQELGKKIKVF,TRGJP*01,SRR22007513,Bukhari,Bukhari,NA,True,True,False,True,True
cell_1335,ACATGGTCCGATCTAC,NA,NA,NA,TRGV2*01,CATWDGRTYYKKLF,TRGJ1*01,SRR22007513,Bukhari,Bukhari,NA,True,True,False,True,True
cell_1336,ACATGGTGTTCCCCTC,NA,NA,NA,TRGV2*01,CATWDGRTYYKKLF,TRGJ1*02|TRGJ2*01,SRR22007513,Bukhari,Bukhari,NA,True,True,False,True,True
cell_1337,ACGAGCCCAGTATCTG,TRDV2*01,CACDTVGGYTDKLIF,TRDJ1*01,NA,NA,NA,SRR22007513,Bukhari,Bukhari,True,NA,True,True,False,True
cell_1338,AGCTCTCAGCCACCTG,NA,NA,NA,TRGV4*01,CATWDGPYYKKLF,TRGJ1*01,SRR22007513,Bukhari,Bukhari,NA,True,True,False,True,True
cell_1339,AGGGAGTGTAGCTGCC,NA,NA,NA,TRGV2*01,CATWDGPHGDYYKKLF,TRGJ1*01,SRR22007513,Bukhari,Bukhari,NA,True,True,False,True,True
cell_1340,AGTAGTCTAGCTGTAT,NA,NA,NA,TRGV9*01,CALWEVRRKLF,TRGJ1*02|TRGJ2*01,SRR22007513,Bukhari,Bukhari,NA,True,True,False,True,True
cell_1341,AGTCTTTGGGATCCAT,NA,NA,NA,TRGV10*01,CAADWFKIF,TRGJP1*01,SRR22007513,Bukhari,Bukhari,NA,True,True,False,True,True
cell_1342,AGTCTTTTCTTGCCAA,NA,NA,NA,TRGV10*02,CAAWDWQKLF,TRGJ1*02|TRGJ2*01,SRR22007513,Bukhari,Bukhari,NA,True,True,False,True,True
cell_1343,ATTTCTGGTCACCCAG,NA,NA,NA,TRGV9*01,CALWEVRRKLF,TRGJ1*01,SRR22007513,Bukhari,Bukhari,NA,True,True,False,True,True
cell_1344,CACCACTTAATAGAGT,NA,NA,NA,TRGV10*02,CAAWESHYYKKLF,TRGJ1*01,SRR22007513,Bukhari,Bukhari,NA,True,True,False,True,True
cell_1345,CTCCTAGTCTCTCCTA,NA,NA,NA,TRGV8*01,CATWDRPGYKKLF,TRGJ1*01,SRR22007513,Bukhari,Bukhari,NA,True,True,False,True,True
cell_1346,CTCGAGGGACATCATG,TRDV2*01,CACDTVLGDTYTDKLIF,TRDJ1*01,NA,NA,NA,SRR22007513,Bukhari,Bukhari,True,NA,True,True,False,True
cell_1347,CTCGTACTCGTTTAGG,NA,NA,NA,TRGV8*01,CATWDPYYKKLF,TRGJ1*01,SRR22007513,Bukhari,Bukhari,NA,True,True,False,True,True
cell_1348,GAACCTATGTATCTTA,NA,NA,NA,TRGV5P*02,CATWGYKKLF,TRGJ1*02|TRGJ2*01,SRR22007513,Bukhari,Bukhari,NA,True,True,False,True,True
cell_1349,GCACTCTTCTGGCACC,NA,NA,NA,TRGV3*01,CATWELKKLF,TRGJ1*02|TRGJ2*01,SRR22007513,Bukhari,Bukhari,NA,True,True,False,True,True
cell_1350,GCATGATAGACTGTAA,TRDV2*01,CACDPLGTGGYPDKLIF,TRDJ1*01,NA,NA,NA,SRR22007513,Bukhari,Bukhari,True,NA,True,True,False,True
cell_1351,GGCCGATGTATCTTAA,NA,NA,NA,TRGV2*01,CATWDAKKLF,TRGJ1*02|TRGJ2*01,SRR22007513,Bukhari,Bukhari,NA,True,True,False,True,True
cell_1352,GTACGTAAGAAACGAG,TRDV2*01,CACDTSSGGLYTDKLIF,TRDJ1*01,NA,NA,NA,SRR22007513,Bukhari,Bukhari,True,NA,True,True,False,True
cell_1353,GTCTTCGCTTCAAAGT,TRDV2*01,CACDTVGGMVTDKLIF,TRDJ1*01,NA,NA,NA,SRR22007513,Bukhari,Bukhari,True,NA,True,True,False,True
cell_1354,GTCTTCGTGGTGTTCC,NA,NA,NA,TRGV10*02,CAAWDYYKKLF,TRGJ1*01,SRR22007513,Bukhari,Bukhari,NA,True,True,False,True,True
cell_1355,GTGTTCTTTGTCCAGT,NA,NA,NA,TRGV9*01,CALWEVHQLGKKIKVF,TRGJP*01,SRR22007513,Bukhari,Bukhari,NA,True,True,False,True,True
cell_1356,GTTTCTAGCCAATGTA,NA,NA,NA,TRGV5*01,CATWDSIDYYKKLF,TRGJ1*01,SRR22007513,Bukhari,Bukhari,NA,True,True,False,True,True
cell_1357,TACCTTATGTATCTTA,NA,NA,NA,TRGV10*01,CAACLKKLF,TRGJ1*02|TRGJ2*01,SRR22007513,Bukhari,Bukhari,NA,True,True,False,True,True
cell_1358,TACTTGCCAATGTATC,NA,NA,NA,TRGV4*01,CATWDANYYKKLF,TRGJ1*01,SRR22007513,Bukhari,Bukhari,NA,True,True,False,True,True
cell_1359,TAGCAATCACCTTATC,TRDV2*01,CACDKMGDHDTDKLIF,TRDJ1*01,NA,NA,NA,SRR22007513,Bukhari,Bukhari,True,NA,True,True,False,True
cell_1360,TAGTGGTTCTAACCGA,NA,NA,NA,TRGV2*01,CATWDAGRFGGKKLF,TRGJ1*02|TRGJ2*01,SRR22007513,Bukhari,Bukhari,NA,True,True,False,True,True
cell_1361,TATGCCCCAAACTCTT,TRDV1*01,CALGEQGVARSTDKLIF,TRDJ1*01,NA,NA,NA,SRR22007513,Bukhari,Bukhari,True,NA,True,True,False,True
cell_1362,TCCACACTCTGCTGCT,TRDV2*03,CACDILLGDTRMTAQLFF,TRDJ2*01,NA,NA,NA,SRR22007513,Bukhari,Bukhari,True,NA,True,True,False,True
cell_1363,TCTGAGACAGCGAACA,TRDV2*01,CDTLYTGDSTDKLIF,TRDJ1*01,NA,NA,NA,SRR22007513,Bukhari,Bukhari,True,NA,True,True,False,True
cell_1364,TGCCAATGTATCTTAA,NA,NA,NA,TRGV10*01,CAAVGGTTGWFKIF,TRGJP1*01,SRR22007513,Bukhari,Bukhari,NA,True,True,False,True,True
cell_1365,TGCCGGGTCAGGACAG,TRDV2*01,CACDAILGEQKYTDKLIF,TRDJ1*01,NA,NA,NA,SRR22007513,Bukhari,Bukhari,True,NA,True,True,False,True
cell_1366,TTCTCCTGTCTGACGA,NA,NA,NA,TRGV4*01,CATWDGVYKKLF,TRGJ1*02|TRGJ2*01,SRR22007513,Bukhari,Bukhari,NA,True,True,False,True,True
cell_1367,AACCATGTATCTTAAT,NA,NA,NA,TRGV9*01,CALWEVLDYYKKLF,TRGJ1*01,SRR22007514,Bukhari,Bukhari,NA,True,True,False,True,True
cell_1368,ACACCTAGCTTTGGTA,NA,NA,NA,TRGV9*01,CALWEIEELGKKIKVF,TRGJP*01,SRR22007514,Bukhari,Bukhari,NA,True,True,False,True,True
cell_1369,ACATGGTCCGATCTAC,NA,NA,NA,TRGV2*01,CATWDGRTYYKKLF,TRGJ1*01,SRR22007514,Bukhari,Bukhari,NA,True,True,False,True,True
cell_1370,ACATGGTGTTCCCCTC,NA,NA,NA,TRGV2*01,CATWDGRTYYKKLF,TRGJ1*02|TRGJ2*01,SRR22007514,Bukhari,Bukhari,NA,True,True,False,True,True
cell_1371,ACCCACTGTATCTTAA,NA,NA,NA,TRGV2*03,CATWDGGSICKKLF,TRGJ1*01,SRR22007514,Bukhari,Bukhari,NA,True,True,False,True,True
cell_1372,ACGGCCAATGTATCTT,NA,NA,NA,TRGV1*01,CATWDTASYYKKLF,TRGJ1*02|TRGJ2*01,SRR22007514,Bukhari,Bukhari,NA,True,True,False,True,True
cell_1373,ACTGATGGTATAATGG,NA,NA,NA,TRGV10*01,CAAFVLEKLF,TRGJ1*02|TRGJ2*01,SRR22007514,Bukhari,Bukhari,NA,True,True,False,True,True
cell_1374,AGATTGCAGTGAACGC,NA,NA,NA,TRGV9*01,CALWEVQELGKKIKVF,TRGJP*01,SRR22007514,Bukhari,Bukhari,NA,True,True,False,True,True
cell_1375,AGGCCACAGCTCCTCT,NA,NA,NA,TRGV4*01,CATCYKKLF,TRGJ1*01,SRR22007514,Bukhari,Bukhari,NA,True,True,False,True,True
cell_1376,AGGCCGTGTATCTTAA,NA,NA,NA,TRGV2*01,CATWDEYSSDWIKTF,TRGJP2*01,SRR22007514,Bukhari,Bukhari,NA,True,True,False,True,True
cell_1377,AGTTGGTGTGTGAAAT,NA,NA,NA,TRGV9*01,CALWEVLGELGKKIKVF,TRGJP*01,SRR22007514,Bukhari,Bukhari,NA,True,True,False,True,True
cell_1378,CACCACTTAATAGAGT,NA,NA,NA,TRGV10*02,CAAWESHYYKKLF,TRGJ1*01,SRR22007514,Bukhari,Bukhari,NA,True,True,False,True,True
cell_1379,CCATTCGATTCCTCTT,NA,NA,NA,TRGV10*01,CAAWIPNYYKKLF,TRGJ1*01,SRR22007514,Bukhari,Bukhari,NA,True,True,False,True,True
cell_1380,CTGGTACCGGCAGAAA,NA,NA,NA,TRGV10*02,CAAWDPTYYKKLF,TRGJ1*01,SRR22007514,Bukhari,Bukhari,NA,True,True,False,True,True
cell_1381,CTGTGCTCTTCTTTTC,NA,NA,NA,TRGV10*01,CAGRSRYYKKLF,TRGJ1*01,SRR22007514,Bukhari,Bukhari,NA,True,True,False,True,True
cell_1382,GAATGAAGTACCGCTG,NA,NA,NA,TRGV9*01,CALWEVFGQELGKKIKVF,TRGJP*01,SRR22007514,Bukhari,Bukhari,NA,True,True,False,True,True
cell_1383,GACGTGCGTTCCCGAG,NA,NA,NA,TRGV10*01,CAAVGGTTGWFKIF,TRGJP1*01,SRR22007514,Bukhari,Bukhari,NA,True,True,False,True,True
cell_1384,GCACTCTTCTGGCACC,NA,NA,NA,TRGV3*01,CATWELKKLF,TRGJ1*02|TRGJ2*01,SRR22007514,Bukhari,Bukhari,NA,True,True,False,True,True
cell_1385,GGCAATTGTATCTTAA,NA,NA,NA,TRGV3*01,CATWDRPGDWIKTF,TRGJP2*01,SRR22007514,Bukhari,Bukhari,NA,True,True,False,True,True
cell_1386,GTCTTCGCTTCAAAGT,TRDV2*01,CACDTVGGMVTDKLIF,TRDJ1*01,NA,NA,NA,SRR22007514,Bukhari,Bukhari,True,NA,True,True,False,True
cell_1387,GTCTTCGTGGTGTTCC,NA,NA,NA,TRGV10*02,CAAWDYYKKLF,TRGJ1*01,SRR22007514,Bukhari,Bukhari,NA,True,True,False,True,True
cell_1388,GTGTTCTTTGTCCAGT,NA,NA,NA,TRGV9*01,CALWEVHQLGKKIKVF,TRGJP*01,SRR22007514,Bukhari,Bukhari,NA,True,True,False,True,True
cell_1389,TACCTATTCACTTATC,TRDV2*01,CACDTVGGYTDKLIF,TRDJ1*01,NA,NA,NA,SRR22007514,Bukhari,Bukhari,True,NA,True,True,False,True
cell_1390,TACTCATGTATCTTAA,NA,NA,NA,TRGV2*01,CATWDGSPFTGWFKIF,TRGJP1*01,SRR22007514,Bukhari,Bukhari,NA,True,True,False,True,True
cell_1391,TACTTGTCAATGTATC,NA,NA,NA,TRGV4*01,CATWDANYYKKLF,TRGJ1*01,SRR22007514,Bukhari,Bukhari,NA,True,True,False,True,True
cell_1392,TATGCCCCAAACTCTT,TRDV1*01,CALGEQGVARSTDKLIF,TRDJ1*01,NA,NA,NA,SRR22007514,Bukhari,Bukhari,True,NA,True,True,False,True
cell_1393,TCACGAATGTATCTTA,NA,NA,NA,TRGV9*01,CALWEDKKLF,TRGJ1*01,SRR22007514,Bukhari,Bukhari,NA,True,True,False,True,True
cell_1394,TCAGCAATGTATCTTA,NA,NA,NA,TRGV9*01,CALWEVQNYYKKLF,TRGJ1*01,SRR22007514,Bukhari,Bukhari,NA,True,True,False,True,True
cell_1395,TGCCAATGTATCTTAA,NA,NA,NA,TRGV4*02,CATWDGRTYYKKLF,TRGJ1*02|TRGJ2*01,SRR22007514,Bukhari,Bukhari,NA,True,True,False,True,True
cell_1396,TGCCAGTGTATCTTAA,NA,NA,NA,TRGV9*01,CALWEVLQELGKKIKVF,TRGJP*01,SRR22007514,Bukhari,Bukhari,NA,True,True,False,True,True
cell_1397,TGCCCTATGTATCTTA,NA,NA,NA,TRGV3*01,CATWRGVKKLF,TRGJ1*01,SRR22007514,Bukhari,Bukhari,NA,True,True,False,True,True
cell_1398,TGGTTCCAGTTCGCAT,NA,NA,NA,TRGV3*01,CATWENYKKLF,TRGJ1*02|TRGJ2*01,SRR22007514,Bukhari,Bukhari,NA,True,True,False,True,True
cell_1399,TTCTCTGCCAATGTAT,NA,NA,NA,TRGV4*02,CATCYKKLF,TRGJ1*02|TRGJ2*01,SRR22007514,Bukhari,Bukhari,NA,True,True,False,True,True
cell_1400,TTCTTGCCAATGTATC,NA,NA,NA,TRGV8*01,CATRDYYKKLF,TRGJ1*02|TRGJ2*01,SRR22007514,Bukhari,Bukhari,NA,True,True,False,True,True
cell_1401,AACTCAGAGCGGATCA,NA,NA,NA,TRGV9*01,CALWEVGVKLF,TRGJ1*01,SRR22007515,Bukhari,Bukhari,NA,True,True,False,True,True
cell_1402,ACATCAGGTGATGTGG,NA,NA,NA,TRGV4*01,CATWDGRKKLF,TRGJ1*02|TRGJ2*01,SRR22007515,Bukhari,Bukhari,NA,True,True,False,True,True
cell_1403,ATCATGGTGTTCCCCT,NA,NA,NA,TRGV10*01,CAAWFSCYKKLF,TRGJ1*01,SRR22007515,Bukhari,Bukhari,NA,True,True,False,True,True
cell_1404,CAAGGCCTCCCATTAT,NA,NA,NA,TRGV9*01,CALWEVGVKLF,TRGJ1*02|TRGJ2*01,SRR22007515,Bukhari,Bukhari,NA,True,True,False,True,True
cell_1405,CACATAGAGGATGTAT,NA,NA,NA,TRGV4*01,CATWDRLKRHPNYYKKLF,TRGJ1*02|TRGJ2*01,SRR22007515,Bukhari,Bukhari,NA,True,True,False,True,True
cell_1406,CATATTCTCATGTCCC,NA,NA,NA,TRGV2*01,CATWDGLEKLF,TRGJ1*01,SRR22007515,Bukhari,Bukhari,NA,True,True,False,True,True
cell_1407,CCGTTAGTCTTCATGG,NA,NA,NA,TRGV4*01,CATWDGRKKLF,TRGJ1*01,SRR22007515,Bukhari,Bukhari,NA,True,True,False,True,True
cell_1408,CCTATTACACGTGAGA,NA,NA,NA,TRGV8*01,CATWDRLKRHPNYYKKLF,TRGJ1*01,SRR22007515,Bukhari,Bukhari,NA,True,True,False,True,True
cell_1409,CCTATTACATTCCTGC,NA,NA,NA,TRGV9*01,CALWEVQELGKKIKVF,TRGJP*01,SRR22007515,Bukhari,Bukhari,NA,True,True,False,True,True
cell_1410,CGCTGGAGTCCGAACC,NA,NA,NA,TRGV10*02,CAAWDYATYYKKLF,TRGJ1*01,SRR22007515,Bukhari,Bukhari,NA,True,True,False,True,True
cell_1411,CTCTGGTCATGACGGA,NA,NA,NA,TRGV9*01,CALWEPDSNYYKKLF,TRGJ1*02|TRGJ2*01,SRR22007515,Bukhari,Bukhari,NA,True,True,False,True,True
cell_1412,CTTCTTGCCAATGTAT,NA,NA,NA,TRGV4*01,CATWDGQAWKLF,TRGJ1*01,SRR22007515,Bukhari,Bukhari,NA,True,True,False,True,True
cell_1413,GCCAAATCAGTATGCT,NA,NA,NA,TRGV2*01,CATWDGPSTGWFKIF,TRGJP1*01,SRR22007515,Bukhari,Bukhari,NA,True,True,False,True,True
cell_1414,GCTGGGTGTCGAACAG,NA,NA,NA,TRGV10*01,CAAVGARGWFKIF,TRGJP1*01,SRR22007515,Bukhari,Bukhari,NA,True,True,False,True,True
cell_1415,GGTGTTACATCGATTG,NA,NA,NA,TRGV2*01,CATWDGPRELGKKIKVF,TRGJP*01,SRR22007515,Bukhari,Bukhari,NA,True,True,False,True,True
cell_1416,GTATCTTTTGAATAAT,NA,NA,NA,TRGV2*01,CATWDGAGYKKLF,TRGJ1*02|TRGJ2*01,SRR22007515,Bukhari,Bukhari,NA,True,True,False,True,True
cell_1417,TGCCCATGTATCTTAA,NA,NA,NA,TRGV2*01,CATWDGNYYKKLF,TRGJ1*02|TRGJ2*01,SRR22007515,Bukhari,Bukhari,NA,True,True,False,True,True
cell_1418,TGCCCTATCGGCGCTA,TRDV2*01,CACDTLGGNTDKLIF,TRDJ1*01,NA,NA,NA,SRR22007515,Bukhari,Bukhari,True,NA,True,True,False,True
cell_1419,TTATGCTAGGTAGCCA,TRDV2*01,CACEPLGDPTDKLIF,TRDJ1*01,NA,NA,NA,SRR22007515,Bukhari,Bukhari,True,NA,True,True,False,True
cell_1420,TTGCCGTGTTATCTAT,NA,NA,NA,TRGV3*01,CATWDRQGNYYKKLF,TRGJ1*01,SRR22007515,Bukhari,Bukhari,NA,True,True,False,True,True
cell_1421,TTGGTCTCCAGTAGTT,NA,NA,NA,TRGV8*01,CATWDRVNYKKLF,TRGJ1*01,SRR22007515,Bukhari,Bukhari,NA,True,True,False,True,True
cell_1422,AAAGATGGTTAGGGTG,NA,NA,NA,TRGV9*01,CALWEVGVKLF,TRGJ1*02|TRGJ2*01,SRR22007516,Bukhari,Bukhari,NA,True,True,False,True,True
cell_1423,AACGTTGCAGAAGCAC,NA,NA,NA,TRGV9*01,CALWEPDSNYYKKLF,TRGJ1*01,SRR22007516,Bukhari,Bukhari,NA,True,True,False,True,True
cell_1424,AAGCCGCTGTATCTTA,NA,NA,NA,TRGV4*01,CATWDGRKKLF,TRGJ1*01,SRR22007516,Bukhari,Bukhari,NA,True,True,False,True,True
cell_1425,AAGGTTCTTTGTCCAG,NA,NA,NA,TRGV10*01,CAAWFSCYKKLF,TRGJ1*02|TRGJ2*01,SRR22007516,Bukhari,Bukhari,NA,True,True,False,True,True
cell_1426,CACATAGAGGATGTAT,NA,NA,NA,TRGV8*01,CATWDRLKRHPNYYKKLF,TRGJ1*01,SRR22007516,Bukhari,Bukhari,NA,True,True,False,True,True
cell_1427,CAGTCCTTCAGAGCTT,NA,NA,NA,TRGV2*01,CATWDGGGSDWIKTF,TRGJP2*01,SRR22007516,Bukhari,Bukhari,NA,True,True,False,True,True
cell_1428,CATATTCTCATGTCCC,NA,NA,NA,TRGV2*01,CATWDGLEKLF,TRGJ1*02|TRGJ2*01,SRR22007516,Bukhari,Bukhari,NA,True,True,False,True,True
cell_1429,CCAATCCGTATAAACG,NA,NA,NA,TRGV8*01,CATWEPWGYKKLF,TRGJ1*02|TRGJ2*01,SRR22007516,Bukhari,Bukhari,NA,True,True,False,True,True
cell_1430,CTAAAGTCAGAGGTGC,NA,NA,NA,TRGV9*01,CALWEVGVKLF,TRGJ1*01,SRR22007516,Bukhari,Bukhari,NA,True,True,False,True,True
cell_1431,CTTCTTGCCAATGTAT,NA,NA,NA,TRGV4*01,CATWDGQAWKLF,TRGJ1*02|TRGJ2*01,SRR22007516,Bukhari,Bukhari,NA,True,True,False,True,True
cell_1432,GCATACACACAGACAG,TRDV2*01,CACDILGDTGKLIF,TRDJ1*01,NA,NA,NA,SRR22007516,Bukhari,Bukhari,True,NA,True,True,False,True
cell_1433,GCCAATGTATCTTAAT,NA,NA,NA,TRGV2*01,CATWDGPSTGWFKIF,TRGJP1*01,SRR22007516,Bukhari,Bukhari,NA,True,True,False,True,True
cell_1434,GCGCGATAGGACAGAA,NA,NA,NA,TRGV9*01,CALWEPDSNYYKKLF,TRGJ1*02|TRGJ2*01,SRR22007516,Bukhari,Bukhari,NA,True,True,False,True,True
cell_1435,TAGTGGTCACCTATCC,TRDV2*01,CACDVLGDSDKLIF,TRDJ1*01,NA,NA,NA,SRR22007516,Bukhari,Bukhari,True,NA,True,True,False,True
cell_1436,TGCCCATGTATCTTAA,NA,NA,NA,TRGV2*01,CATWDGNYYKKLF,TRGJ1*01,SRR22007516,Bukhari,Bukhari,NA,True,True,False,True,True
cell_1437,TGTCCAATGTATCTTA,NA,NA,NA,TRGV2*01,CATWDGPRELGKKIKVF,TRGJP*01,SRR22007516,Bukhari,Bukhari,NA,True,True,False,True,True
cell_1438,TTGGTCTCCAGTAGTT,NA,NA,NA,TRGV8*01,CATWDRVNYKKLF,TRGJ1*01,SRR22007516,Bukhari,Bukhari,NA,True,True,False,True,True
cell_1439,ACAGCTATCCAAAGTC,TRDV2*01,CDTVGGYTDKLIF,TRDJ1*01,NA,NA,NA,SRR22007517,Bukhari,Bukhari,True,NA,True,True,False,True
cell_1440,ACGCCGATGTATCTTA,NA,NA,NA,TRGV9*01,CALWEVQELGKKIKVF,TRGJP*01,SRR22007517,Bukhari,Bukhari,NA,True,True,False,True,True
cell_1441,AGACGTTGTCTACCTC,NA,NA,NA,TRGV2*01,CATWDGEDKKLF,TRGJ1*01,SRR22007517,Bukhari,Bukhari,NA,True,True,False,True,True
cell_1442,AGTCTTCATGGTGTTC,NA,NA,NA,TRGV10*02,CAAWDYRNYYKKLF,TRGJ1*02|TRGJ2*01,SRR22007517,Bukhari,Bukhari,NA,True,True,False,True,True
cell_1443,CATGCCTGACGATACA,NA,NA,NA,TRGV9*01,CALWEVLDYYKKLF,TRGJ1*01,SRR22007517,Bukhari,Bukhari,NA,True,True,False,True,True
cell_1444,CCATGTCTGACGATAC,NA,NA,NA,TRGV4*01,CATWPPMRYKKLF,TRGJ1*02|TRGJ2*01,SRR22007517,Bukhari,Bukhari,NA,True,True,False,True,True
cell_1445,CCTACACGTCTTCAAG,TRDV2*01,CACDTFPLLGDNTDKLIF,TRDJ1*01,NA,NA,NA,SRR22007517,Bukhari,Bukhari,True,NA,True,True,False,True
cell_1446,CGGACACGTGCTTCTC,NA,NA,NA,TRGV8*01,CATWDSKKLF,TRGJ1*02|TRGJ2*01,SRR22007517,Bukhari,Bukhari,NA,True,True,False,True,True
cell_1447,CGTTCTTTGTCCAGTG,NA,NA,NA,TRGV3*01,CATWDTYYYKKLF,TRGJ1*01,SRR22007517,Bukhari,Bukhari,NA,True,True,False,True,True
cell_1448,CTAACTTGCCAATGTA,NA,NA,NA,TRGV9*01,CALWEPARYKKLF,TRGJ1*01,SRR22007517,Bukhari,Bukhari,NA,True,True,False,True,True
cell_1449,CTCGGGAAGGCGATAC,NA,NA,NA,TRGV3*01,CATRGYKKLF,TRGJ1*01,SRR22007517,Bukhari,Bukhari,NA,True,True,False,True,True
cell_1450,CTGCTTATGTATCTTA,NA,NA,NA,TRGV4*02,CATWDSKKLF,TRGJ1*01,SRR22007517,Bukhari,Bukhari,NA,True,True,False,True,True
cell_1451,GATGAAATCAACACTG,NA,NA,NA,TRGV9*01,CALWEVQGWYKKLF,TRGJ1*02|TRGJ2*01,SRR22007517,Bukhari,Bukhari,NA,True,True,False,True,True
cell_1452,GCCCATGTATCTTAAT,NA,NA,NA,TRGV2*01,CATWVQNEKLF,TRGJ1*01,SRR22007517,Bukhari,Bukhari,NA,True,True,False,True,True
cell_1453,GCTTCAATGTATCTTA,NA,NA,NA,TRGV9*01,CALWEVLQELGKKIKVF,TRGJP*01,SRR22007517,Bukhari,Bukhari,NA,True,True,False,True,True
cell_1454,GGCATTGTACTTCCCA,TRDV2*01,CARDTAGGSWDTRQMFF,TRDJ3*01,NA,NA,NA,SRR22007517,Bukhari,Bukhari,True,NA,True,True,False,True
cell_1455,GGCGCTGTTAACCAGC,NA,NA,NA,TRGV2*01,CATWDGRTYYKKLF,TRGJ1*02|TRGJ2*01,SRR22007517,Bukhari,Bukhari,NA,True,True,False,True,True
cell_1456,GTCAAATGTATCTTAA,NA,NA,NA,TRGV4*01,CATWVFGEKLF,TRGJ1*01,SRR22007517,Bukhari,Bukhari,NA,True,True,False,True,True
cell_1457,GTCAAGTGTGCATCTA,NA,NA,NA,TRGV2*03,CATWDGPRGDWIKTF,TRGJP2*01,SRR22007517,Bukhari,Bukhari,NA,True,True,False,True,True
cell_1458,GTCGGGTGTACTTCTT,TRDV2*01,CACDTSDGGPSSWDTRQMFF,TRDJ3*01,NA,NA,NA,SRR22007517,Bukhari,Bukhari,True,NA,True,True,False,True
cell_1459,GTCTTCACTTCAAAGT,TRDV1*01,CALGMVYRETDKLIF,TRDJ1*01,NA,NA,NA,SRR22007517,Bukhari,Bukhari,True,NA,True,True,False,True
cell_1460,GTCTTCGCTTCAAAGT,TRDV2*01,CDTSDGGPSSWDTRQMFF,TRDJ3*01,NA,NA,NA,SRR22007517,Bukhari,Bukhari,True,NA,True,True,False,True
cell_1461,GTGCACAGTTTTATTG,TRDV2*01,CACDSLTGRTDKLIF,TRDJ1*01,NA,NA,NA,SRR22007517,Bukhari,Bukhari,True,NA,True,True,False,True
cell_1462,GTGCATATGTATCTTA,NA,NA,NA,TRGV10*02,CAAWVPDYYKKLF,TRGJ1*02|TRGJ2*01,SRR22007517,Bukhari,Bukhari,NA,True,True,False,True,True
cell_1463,GTTAAGCCAAGAAAGG,NA,NA,NA,TRGV8*01,CATWYSSDWIKTF,TRGJP2*01,SRR22007517,Bukhari,Bukhari,NA,True,True,False,True,True
cell_1464,TACTCATCCGATCTTA,NA,NA,NA,TRGV5P*01,CHLGLNYYKKLF,TRGJ1*02|TRGJ2*01,SRR22007517,Bukhari,Bukhari,NA,True,True,False,True,True
cell_1465,TAGACCAATGTATCTT,NA,NA,NA,TRGV10*02,CAAWGFLSNYYKKLF,TRGJ1*01,SRR22007517,Bukhari,Bukhari,NA,True,True,False,True,True
cell_1466,TCCCGTCCAGTGACTC,NA,NA,NA,TRGV3*01,CATWDRPMGDKKLF,TRGJ1*01,SRR22007517,Bukhari,Bukhari,NA,True,True,False,True,True
cell_1467,TCGGGTCGGAATCTTG,NA,NA,NA,TRGV10*02,CAAWDYIYYKKLF,TRGJ1*01,SRR22007517,Bukhari,Bukhari,NA,True,True,False,True,True
cell_1468,TGACTTTGTATCTTAA,NA,NA,NA,TRGV2*03,CATWDAYSSDWIKTF,TRGJP2*01,SRR22007517,Bukhari,Bukhari,NA,True,True,False,True,True
cell_1469,TGCACCTCACCTTGTC,NA,NA,NA,TRGV4*01,CATWDGPRSYKKLF,TRGJ1*01,SRR22007517,Bukhari,Bukhari,NA,True,True,False,True,True
cell_1470,TGCCAAATGTATCTTA,NA,NA,NA,TRGV4*02,CATWGYKKLF,TRGJ1*01,SRR22007517,Bukhari,Bukhari,NA,True,True,False,True,True
cell_1471,TGCCAATGTATCTTAA,NA,NA,NA,TRGV8*01,CATWDGRTYYKKLF,TRGJ1*02|TRGJ2*01,SRR22007517,Bukhari,Bukhari,NA,True,True,False,True,True
cell_1472,TGCCCTATGTATCTTA,NA,NA,NA,TRGV3*01,CATEYCKKLF,TRGJ1*01,SRR22007517,Bukhari,Bukhari,NA,True,True,False,True,True
cell_1473,TGTCCAGTGACTCTTC,NA,NA,NA,TRGV4*01,CATWDGPSYKKLF,TRGJ1*02|TRGJ2*01,SRR22007517,Bukhari,Bukhari,NA,True,True,False,True,True
cell_1474,TTCTCAATGTATCTTA,NA,NA,NA,TRGV10*01,CAAGNYYKKLF,TRGJ1*01,SRR22007517,Bukhari,Bukhari,NA,True,True,False,True,True
cell_1475,TTCTTGCCAATGTATC,NA,NA,NA,TRGV9*01,CALWEGKKLF,TRGJ1*02|TRGJ2*01,SRR22007517,Bukhari,Bukhari,NA,True,True,False,True,True
cell_1476,TTGCGTCGTAGCAAAT,NA,NA,NA,TRGV2*01,CHLGRASGKLF,TRGJ1*02|TRGJ2*01,SRR22007517,Bukhari,Bukhari,NA,True,True,False,True,True
cell_1477,TTTGCCAATGTATCTT,NA,NA,NA,TRGV9*01,CALWVQNYKKLF,TRGJ1*02|TRGJ2*01,SRR22007517,Bukhari,Bukhari,NA,True,True,False,True,True
cell_1478,TTTGTTGCCAATGTAT,NA,NA,NA,TRGV2*03,CATWDGTRVIGKKLF,TRGJ1*01,SRR22007517,Bukhari,Bukhari,NA,True,True,False,True,True
cell_1479,AATCCAGTGTATCTTA,NA,NA,NA,TRGV10*02,CAAWDPYTTGWFKIF,TRGJP1*01,SRR22007518,Bukhari,Bukhari,NA,True,True,False,True,True
cell_1480,ACAGCTATCCAAAGTC,TRDV2*01,CACDTVGGYTDKLIF,TRDJ1*01,NA,NA,NA,SRR22007518,Bukhari,Bukhari,True,NA,True,True,False,True
cell_1481,ACGATACCATTCTTAC,TRDV2*01,CACDTLGDKKTKLIF,TRDJ1*01,NA,NA,NA,SRR22007518,Bukhari,Bukhari,True,NA,True,True,False,True
cell_1482,AGTCTTCATGGTGTTC,NA,NA,NA,TRGV10*02,CAAWDYRNYYKKLF,TRGJ1*02|TRGJ2*01,SRR22007518,Bukhari,Bukhari,NA,True,True,False,True,True
cell_1483,AGTCTTTCAAGAAAGG,NA,NA,NA,TRGV3*01,CATWDRPEDKKLF,TRGJ1*02|TRGJ2*01,SRR22007518,Bukhari,Bukhari,NA,True,True,False,True,True
cell_1484,CAAGTTGCTCTTCTTT,NA,NA,NA,TRGV5*01,CATWDRPGDWIKTF,TRGJP2*01,SRR22007518,Bukhari,Bukhari,NA,True,True,False,True,True
cell_1485,CACATTTAGCTGAAAT,NA,NA,NA,TRGV9*01,CALWEVFQELGKKIKVF,TRGJP*01,SRR22007518,Bukhari,Bukhari,NA,True,True,False,True,True
cell_1486,CAGATCACATGCCACG,TRDV2*01,CACDLTGATDKLIF,TRDJ1*01,NA,NA,NA,SRR22007518,Bukhari,Bukhari,True,NA,True,True,False,True
cell_1487,CCATGTCTGACGATAC,NA,NA,NA,TRGV4*01,CATWPPMRYKKLF,TRGJ1*02|TRGJ2*01,SRR22007518,Bukhari,Bukhari,NA,True,True,False,True,True
cell_1488,CCTACACGTCTTCAAG,TRDV2*01,CDTFPLLGDNTDKLIF,TRDJ1*01,NA,NA,NA,SRR22007518,Bukhari,Bukhari,True,NA,True,True,False,True
cell_1489,CGATCTTTTTCCAGTG,NA,NA,NA,TRGV3*01,CATWDTYYYKKLF,TRGJ1*01,SRR22007518,Bukhari,Bukhari,NA,True,True,False,True,True
cell_1490,CGATTGAGTAGGGACT,NA,NA,NA,TRGV3*01,CATPSDHYYKKLF,TRGJ1*01,SRR22007518,Bukhari,Bukhari,NA,True,True,False,True,True
cell_1491,CGCCAAGGTTATCGGT,TRDV2*01,CACTGGRLTAQLFF,TRDJ2*01,NA,NA,NA,SRR22007518,Bukhari,Bukhari,True,NA,True,True,False,True
cell_1492,CTCCTCTTTTACTTAC,NA,NA,NA,TRGV10*02,CAAWDKKLF,TRGJ1*02|TRGJ2*01,SRR22007518,Bukhari,Bukhari,NA,True,True,False,True,True
cell_1493,CTGCTAATGTATCTTA,NA,NA,NA,TRGV10*01,CAAWFPQDYYKKLF,TRGJ1*01,SRR22007518,Bukhari,Bukhari,NA,True,True,False,True,True
cell_1494,GACAGAGTATCTTAAT,NA,NA,NA,TRGV8*01,CANSDYYKKLF,TRGJ1*01,SRR22007518,Bukhari,Bukhari,NA,True,True,False,True,True
cell_1495,GACCAATGTATCTTAA,NA,NA,NA,TRGV9*01,CALWEVLDYYKKLF,TRGJ1*01,SRR22007518,Bukhari,Bukhari,NA,True,True,False,True,True
cell_1496,GCTTCAATGTATCTTA,NA,NA,NA,TRGV9*01,CALWEVLQELGKKIKVF,TRGJP*01,SRR22007518,Bukhari,Bukhari,NA,True,True,False,True,True
cell_1497,GGCATTGTACTTCCCA,TRDV2*01,CARDTAGGSWDTRQMFF,TRDJ3*01,NA,NA,NA,SRR22007518,Bukhari,Bukhari,True,NA,True,True,False,True
cell_1498,GTATCTTAATAATATC,NA,NA,NA,TRGV9*01,CALWEVQGWYKKLF,TRGJ1*01,SRR22007518,Bukhari,Bukhari,NA,True,True,False,True,True
cell_1499,GTCTTCACTTCAAAGT,TRDV1*01,CALGMVYRETDKLIF,TRDJ1*01,NA,NA,NA,SRR22007518,Bukhari,Bukhari,True,NA,True,True,False,True
cell_1500,GTCTTCGCTTCAAAGT,TRDV2*01,CACDTSDGGPSSWDTRQMFF,TRDJ3*01,NA,NA,NA,SRR22007518,Bukhari,Bukhari,True,NA,True,True,False,True
cell_1501,GTCTTGCCAATGTATC,NA,NA,NA,TRGV2*01,CATWDDRGKLF,TRGJ1*02|TRGJ2*01,SRR22007518,Bukhari,Bukhari,NA,True,True,False,True,True
cell_1502,GTGCACAGTTTTATTG,TRDV2*01,CACDSLTGRTDKLIF,TRDJ1*01,NA,NA,NA,SRR22007518,Bukhari,Bukhari,True,NA,True,True,False,True
cell_1503,GTGCATATGTATCTTA,NA,NA,NA,TRGV10*02,CAAWVPDYYKKLF,TRGJ1*01,SRR22007518,Bukhari,Bukhari,NA,True,True,False,True,True
cell_1504,GTGTTATTTGTCCAGT,NA,NA,NA,TRGV2*01,CATWDGRTYYKKLF,TRGJ1*02|TRGJ2*01,SRR22007518,Bukhari,Bukhari,NA,True,True,False,True,True
cell_1505,GTTAAGCAGCCGGTAA,NA,NA,NA,TRGV9*01,CALWEVRELGKKIKVF,TRGJP*01,SRR22007518,Bukhari,Bukhari,NA,True,True,False,True,True
cell_1506,GTTAAGCCAAGAAAGG,NA,NA,NA,TRGV2*01,CATWYSSDWIKTF,TRGJP2*01,SRR22007518,Bukhari,Bukhari,NA,True,True,False,True,True
cell_1507,TATCTCATCTTCAACT,NA,NA,NA,TRGV4*02,CATWENYYKKLF,TRGJ1*01,SRR22007518,Bukhari,Bukhari,NA,True,True,False,True,True
cell_1508,TCGGTAAAGTGACATA,NA,NA,NA,TRGV10*01,CAAWYKKLF,TRGJ1*02|TRGJ2*01,SRR22007518,Bukhari,Bukhari,NA,True,True,False,True,True
cell_1509,TCGTAGACACGAAATA,NA,NA,NA,TRGV2*01,CATWDGHYYKKLF,TRGJ1*02|TRGJ2*01,SRR22007518,Bukhari,Bukhari,NA,True,True,False,True,True
cell_1510,TGACTTTGTATCTTAA,NA,NA,NA,TRGV2*01,CATWDAYSSDWIKTF,TRGJP2*01,SRR22007518,Bukhari,Bukhari,NA,True,True,False,True,True
cell_1511,TGCACCTCACCTTGTC,NA,NA,NA,TRGV4*01,CATWDGPRSYKKLF,TRGJ1*01,SRR22007518,Bukhari,Bukhari,NA,True,True,False,True,True
cell_1512,TGCCAAATGTATCTTA,NA,NA,NA,TRGV4*02,CATLDYKKLF,TRGJ1*02|TRGJ2*01,SRR22007518,Bukhari,Bukhari,NA,True,True,False,True,True
cell_1513,TGCCAATGTATCTTAA,NA,NA,NA,TRGV2*01,CATWDGRTYYKKLF,TRGJ1*01,SRR22007518,Bukhari,Bukhari,NA,True,True,False,True,True
cell_1514,TGCCCATGTATCTTAA,NA,NA,NA,TRGV3*01,CATWDRPEKLF,TRGJ1*01,SRR22007518,Bukhari,Bukhari,NA,True,True,False,True,True
cell_1515,TGCCCTATGTATCTTA,NA,NA,NA,TRGV3*01,CATWDRPRGYYKKLF,TRGJ1*02|TRGJ2*01,SRR22007518,Bukhari,Bukhari,NA,True,True,False,True,True
cell_1516,TGCCTATGTATCTTAA,NA,NA,NA,TRGV3*01,CATEYCKKLF,TRGJ1*01,SRR22007518,Bukhari,Bukhari,NA,True,True,False,True,True
cell_1517,TGGCCGATGTATCTTA,NA,NA,NA,TRGV9*01,CALWEAEEELGKKIKVF,TRGJP*01,SRR22007518,Bukhari,Bukhari,NA,True,True,False,True,True
cell_1518,TGTCCAGTGACTCTTC,NA,NA,NA,TRGV4*01,CATWDGPSYKKLF,TRGJ1*01,SRR22007518,Bukhari,Bukhari,NA,True,True,False,True,True
cell_1519,TTCTCAATGTATCTTA,NA,NA,NA,TRGV10*01,CAAGNYYKKLF,TRGJ1*01,SRR22007518,Bukhari,Bukhari,NA,True,True,False,True,True
cell_1520,TTCTTGCCAATGTATC,NA,NA,NA,TRGV9*01,CALWEGKKLF,TRGJ1*01,SRR22007518,Bukhari,Bukhari,NA,True,True,False,True,True
cell_1521,TTTGTCAATGTATCTT,NA,NA,NA,TRGV9*01,CALWEVQELGKKIKVF,TRGJP*01,SRR22007518,Bukhari,Bukhari,NA,True,True,False,True,True
cell_1522,AAAGCAAAGATGAGAG,TRDV2*01,CACDTVGGYTDKLIF,TRDJ1*01,NA,NA,NA,SRR22007519,Bukhari,Bukhari,True,NA,True,True,False,True
cell_1523,AATCCAGTGACTTTTC,NA,NA,NA,TRGV9*01,CALWEVQELGKKIKVF,TRGJP*01,SRR22007519,Bukhari,Bukhari,NA,True,True,False,True,True
cell_1524,ACACCAATGTATCTTA,NA,NA,NA,TRGV3*01,CATWALYYKKLF,TRGJ1*01,SRR22007519,Bukhari,Bukhari,NA,True,True,False,True,True
cell_1525,ACCCACTGGGAGAGAT,TRDV2*01,CACDTIGTRGYTDKLIF,TRDJ1*01,NA,NA,NA,SRR22007519,Bukhari,Bukhari,True,NA,True,True,False,True
cell_1526,ACGCCAGTGTATCTTA,NA,NA,NA,TRGV9*01,CALWEVHISAKKLF,TRGJ1*01,SRR22007519,Bukhari,Bukhari,NA,True,True,False,True,True
cell_1527,ACGTAGAAGTACATGA,NA,NA,NA,TRGV2*01,CATWDGGSICKKLF,TRGJ1*01,SRR22007519,Bukhari,Bukhari,NA,True,True,False,True,True
cell_1528,AGCCAATGTATCTTAA,NA,NA,NA,TRGV2*03,CATWDGRLF,TRGJ1*01,SRR22007519,Bukhari,Bukhari,NA,True,True,False,True,True
cell_1529,AGGCCACCAATTCCTT,NA,NA,NA,TRGV10*02,CAAWDYYKKLF,TRGJ1*01,SRR22007519,Bukhari,Bukhari,NA,True,True,False,True,True
cell_1530,ATCTGCCAATGTATCT,NA,NA,NA,TRGV9*01,CALWEEELGKKIKVF,TRGJP*01,SRR22007519,Bukhari,Bukhari,NA,True,True,False,True,True
cell_1531,ATTATCCTCATGTCTG,NA,NA,NA,TRGV1*01,CATWARGKLF,TRGJ1*02|TRGJ2*01,SRR22007519,Bukhari,Bukhari,NA,True,True,False,True,True
cell_1532,CAACTAGTCTTGTACT,NA,NA,NA,TRGV4*01,CATWDGFYYYKKLF,TRGJ1*01,SRR22007519,Bukhari,Bukhari,NA,True,True,False,True,True
cell_1533,CACCTTGCAATGGTCT,NA,NA,NA,TRGV9*01,CALWEVLDYYKKLF,TRGJ1*02|TRGJ2*01,SRR22007519,Bukhari,Bukhari,NA,True,True,False,True,True
cell_1534,CACTAAGAAGACAAAG,NA,NA,NA,TRGV9*01,CALWEPQELGKKIKVF,TRGJP*01,SRR22007519,Bukhari,Bukhari,NA,True,True,False,True,True
cell_1535,CAGGCCAATGTATCTT,NA,NA,NA,TRGV5P*02,CATWGYTTGWFKIF,TRGJP1*01,SRR22007519,Bukhari,Bukhari,NA,True,True,False,True,True
cell_1536,CATCCATCATCGATGG,NA,NA,NA,TRGV4*01,CATWDSKKLF,TRGJ1*02|TRGJ2*01,SRR22007519,Bukhari,Bukhari,NA,True,True,False,True,True
cell_1537,CCTAGGGATCCCAGAA,NA,NA,NA,TRGV2*01,CATWDGPHGDYYKKLF,TRGJ1*02|TRGJ2*01,SRR22007519,Bukhari,Bukhari,NA,True,True,False,True,True
cell_1538,CGAATGTTCGGACAAG,TRDV2*01,CACDTGGGLSWDTRQMFF,TRDJ3*01,NA,NA,NA,SRR22007519,Bukhari,Bukhari,True,NA,True,True,False,True
cell_1539,CGATGTATCTTAATAA,NA,NA,NA,TRGV10*02,CAAWDSKADTTGWFKIF,TRGJP1*01,SRR22007519,Bukhari,Bukhari,NA,True,True,False,True,True
cell_1540,CTCCTGGGATTTCTAC,NA,NA,NA,TRGV2*03,CATWDGRYKKLF,TRGJ1*01,SRR22007519,Bukhari,Bukhari,NA,True,True,False,True,True
cell_1541,CTGCCTATGTATCTTA,NA,NA,NA,TRGV8*01,CATWALYYKKLF,TRGJ1*01,SRR22007519,Bukhari,Bukhari,NA,True,True,False,True,True
cell_1542,CTGGTCTGACGATACA,NA,NA,NA,TRGV8*01,CATWDHSHSNYYKKLF,TRGJ1*01,SRR22007519,Bukhari,Bukhari,NA,True,True,False,True,True
cell_1543,GACAGAGAGAGTCTGG,NA,NA,NA,TRGV4*01,CATWDGFYYYKKLF,TRGJ1*02|TRGJ2*01,SRR22007519,Bukhari,Bukhari,NA,True,True,False,True,True
cell_1544,GCACAATGTATCTTAA,NA,NA,NA,TRGV4*01,CATASHKKLF,TRGJ1*01,SRR22007519,Bukhari,Bukhari,NA,True,True,False,True,True
cell_1545,GCACTCTGTATCTTAA,NA,NA,NA,TRGV9*01,CALWELSQLGKKIKVF,TRGJP*01,SRR22007519,Bukhari,Bukhari,NA,True,True,False,True,True
cell_1546,GGCTGGTTCTGTCCGT,NA,NA,NA,TRGV2*01,CATWDGQNYKKLF,TRGJ1*02|TRGJ2*01,SRR22007519,Bukhari,Bukhari,NA,True,True,False,True,True
cell_1547,GGTGTTAGTCTTCATG,NA,NA,NA,TRGV10*02,CAAWDGARGNYKKLF,TRGJ1*02|TRGJ2*01,SRR22007519,Bukhari,Bukhari,NA,True,True,False,True,True
cell_1548,GTAGGCCGTAGCCTCG,NA,NA,NA,TRGV3*01,CHLGIYYKKLF,TRGJ1*02|TRGJ2*01,SRR22007519,Bukhari,Bukhari,NA,True,True,False,True,True
cell_1549,GTATTCTTTGTCCAGT,NA,NA,NA,TRGV9*01,CALWEVRELGKKIKVF,TRGJP*01,SRR22007519,Bukhari,Bukhari,NA,True,True,False,True,True
cell_1550,GTCACAATGTATCTTA,NA,NA,NA,TRGV2*01,CATWDGRTYYKKLF,TRGJ1*02|TRGJ2*01,SRR22007519,Bukhari,Bukhari,NA,True,True,False,True,True
cell_1551,GTCTTCGCTTCAAAGT,TRDV2*01,CACDTVGPYTDKLIF,TRDJ1*01,NA,NA,NA,SRR22007519,Bukhari,Bukhari,True,NA,True,True,False,True
cell_1552,TACCTATGTATCTTAA,NA,NA,NA,TRGV4*02,CATWDSKKLF,TRGJ1*01,SRR22007519,Bukhari,Bukhari,NA,True,True,False,True,True
cell_1553,TACCTTATGTATCTTA,NA,NA,NA,TRGV4*01,CATWDGGYYKKLF,TRGJ1*02|TRGJ2*01,SRR22007519,Bukhari,Bukhari,NA,True,True,False,True,True
cell_1554,TCTGGAATCAACACAC,TRDV1*01,CALGERFLFSSGGPYTDKLIF,TRDJ1*01,NA,NA,NA,SRR22007519,Bukhari,Bukhari,True,NA,True,True,False,True
cell_1555,TGAAACAAGTTGGTGG,TRDV1*01,CALGELKAVLRYPSTDKLIF,TRDJ1*01,NA,NA,NA,SRR22007519,Bukhari,Bukhari,True,NA,True,True,False,True
cell_1556,TGCCAAATGTATCTTA,NA,NA,NA,TRGV10*02,CAAWDYYRLF,TRGJ1*02|TRGJ2*01,SRR22007519,Bukhari,Bukhari,NA,True,True,False,True,True
cell_1557,TGCCAATGTATCTTAA,NA,NA,NA,TRGV10*01,CAAWFPQDYYKKLF,TRGJ1*01,SRR22007519,Bukhari,Bukhari,NA,True,True,False,True,True
cell_1558,TGCCCATGTATCTTAA,NA,NA,NA,TRGV8*01,CATWALYYKKLF,TRGJ1*02|TRGJ2*01,SRR22007519,Bukhari,Bukhari,NA,True,True,False,True,True
cell_1559,TGCCCTATGTATCTTA,NA,NA,NA,TRGV10*02,CAAWENYYKKLF,TRGJ1*01,SRR22007519,Bukhari,Bukhari,NA,True,True,False,True,True
cell_1560,TGCTGCTGTATCTTAA,NA,NA,NA,TRGV9*01,CALWEVQGWYKKLF,TRGJ1*02|TRGJ2*01,SRR22007519,Bukhari,Bukhari,NA,True,True,False,True,True
cell_1561,TGCTTCTGTATCTTAA,NA,NA,NA,TRGV3*01,CATWDTDYKKLF,TRGJ1*01,SRR22007519,Bukhari,Bukhari,NA,True,True,False,True,True
cell_1562,TGTCCAGTGACTCTTC,NA,NA,NA,TRGV2*01,CATWDGPNYYKKLF,TRGJ1*02|TRGJ2*01,SRR22007519,Bukhari,Bukhari,NA,True,True,False,True,True
cell_1563,ACACCAATGTATCTTA,NA,NA,NA,TRGV1*01,CATWALYYKKLF,TRGJ1*02|TRGJ2*01,SRR22007520,Bukhari,Bukhari,NA,True,True,False,True,True
cell_1564,ACCCACTGGGAGAGAT,TRDV2*01,CACDTIGTRGYTDKLIF,TRDJ1*01,NA,NA,NA,SRR22007520,Bukhari,Bukhari,True,NA,True,True,False,True
cell_1565,ACGCCAGTGTATCTTA,NA,NA,NA,TRGV3*01,CANLWLYYKKLF,TRGJ1*01,SRR22007520,Bukhari,Bukhari,NA,True,True,False,True,True
cell_1566,ACGTAGAAGTACATGA,NA,NA,NA,TRGV2*03,CATWDGGSICKKLF,TRGJ1*01,SRR22007520,Bukhari,Bukhari,NA,True,True,False,True,True
cell_1567,ACTGATGGTGCCTGCA,NA,NA,NA,TRGV3*01,CATWDRTKKLF,TRGJ1*01,SRR22007520,Bukhari,Bukhari,NA,True,True,False,True,True
cell_1568,CAGCCGATGTATCTTA,NA,NA,NA,TRGV9*01,CALWEDKKLF,TRGJ1*01,SRR22007520,Bukhari,Bukhari,NA,True,True,False,True,True
cell_1569,CATGCCTGACGATACA,NA,NA,NA,TRGV9*01,CALWEVIELGKKIKVF,TRGJP*01,SRR22007520,Bukhari,Bukhari,NA,True,True,False,True,True
cell_1570,CCACGGAAGGGCACTA,TRDV2*01,CDTVGGYTDKLIF,TRDJ1*01,NA,NA,NA,SRR22007520,Bukhari,Bukhari,True,NA,True,True,False,True
cell_1571,CCATGTCTGACGATAC,NA,NA,NA,TRGV4*01,CATWESYYKKLF,TRGJ1*01,SRR22007520,Bukhari,Bukhari,NA,True,True,False,True,True
cell_1572,CCCTCCTGGGATCCCA,NA,NA,NA,TRGV10*02,CAAWDYHYKKLF,TRGJ1*01,SRR22007520,Bukhari,Bukhari,NA,True,True,False,True,True
cell_1573,CGAGCCAATGTATCTT,NA,NA,NA,TRGV2*01,CATWDGPEKLF,TRGJ1*01,SRR22007520,Bukhari,Bukhari,NA,True,True,False,True,True
cell_1574,CTACATTCACGGCTAC,NA,NA,NA,TRGV9*01,CALWEVGGYKKLF,TRGJ1*02|TRGJ2*01,SRR22007520,Bukhari,Bukhari,NA,True,True,False,True,True
cell_1575,CTCACACTCCAATGGT,TRDV2*01,CDTLDGGYAGDKLIF,TRDJ1*01,NA,NA,NA,SRR22007520,Bukhari,Bukhari,True,NA,True,True,False,True
cell_1576,CTGATCTAGACCGGAT,NA,NA,NA,TRGV9*01,CALWEVLDYYKKLF,TRGJ1*01,SRR22007520,Bukhari,Bukhari,NA,True,True,False,True,True
cell_1577,CTGCCTATGTATCTTA,NA,NA,NA,TRGV8*01,CATWALYYKKLF,TRGJ1*01,SRR22007520,Bukhari,Bukhari,NA,True,True,False,True,True
cell_1578,CTGCTGTATCTTAATA,NA,NA,NA,TRGV9*01,CALWTPPTGYKKLF,TRGJ1*01,SRR22007520,Bukhari,Bukhari,NA,True,True,False,True,True
cell_1579,GACCAATGTATCTTAA,NA,NA,NA,TRGV10*02,CAAWDYYKKLF,TRGJ1*01,SRR22007520,Bukhari,Bukhari,NA,True,True,False,True,True
cell_1580,GACGTTAGTCCTCTTG,NA,NA,NA,TRGV9*01,CALWEVQELGKKIKVF,TRGJP*01,SRR22007520,Bukhari,Bukhari,NA,True,True,False,True,True
cell_1581,GATCAGTGTCAAAGTG,NA,NA,NA,TRGV1*01,CATWDRHPYYKKLF,TRGJ1*02|TRGJ2*01,SRR22007520,Bukhari,Bukhari,NA,True,True,False,True,True
cell_1582,GATGCTAATGTATCTT,NA,NA,NA,TRGV2*01,CATWDGPHGDYYKKLF,TRGJ1*01,SRR22007520,Bukhari,Bukhari,NA,True,True,False,True,True
cell_1583,GCTGGTCATGCAACTA,NA,NA,NA,TRGV10*02,CAAWDFCYYKKLF,TRGJ1*01,SRR22007520,Bukhari,Bukhari,NA,True,True,False,True,True
cell_1584,GGCCGATGTATCTTAA,NA,NA,NA,TRGV9*01,CALWEVLDYYKKLF,TRGJ1*02|TRGJ2*01,SRR22007520,Bukhari,Bukhari,NA,True,True,False,True,True
cell_1585,GGTGTTAGTCTTCATG,NA,NA,NA,TRGV10*02,CAAWDGARGNYKKLF,TRGJ1*01,SRR22007520,Bukhari,Bukhari,NA,True,True,False,True,True
cell_1586,GTCTTCGCTTCAAAGT,TRDV2*01,CACDTVGPYTDKLIF,TRDJ1*01,NA,NA,NA,SRR22007520,Bukhari,Bukhari,True,NA,True,True,False,True
cell_1587,TACCTTATGTATCTTA,NA,NA,NA,TRGV4*01,CATWDGGYYKKLF,TRGJ1*01,SRR22007520,Bukhari,Bukhari,NA,True,True,False,True,True
cell_1588,TAGACCAATGTATCTT,NA,NA,NA,TRGV4*01,CATWDEELF,TRGJ1*01,SRR22007520,Bukhari,Bukhari,NA,True,True,False,True,True
cell_1589,TATCAGGGTACCGGCA,NA,NA,NA,TRGV9*01,CALWDRYKKLF,TRGJ1*01,SRR22007520,Bukhari,Bukhari,NA,True,True,False,True,True
cell_1590,TGAGGCATTCTAACGG,TRDV2*01,CACDTVSGPTDKLIF,TRDJ1*01,NA,NA,NA,SRR22007520,Bukhari,Bukhari,True,NA,True,True,False,True
cell_1591,TGCCAGTGTATCTTAA,NA,NA,NA,TRGV8*01,CATSGTKKLF,TRGJ1*01,SRR22007520,Bukhari,Bukhari,NA,True,True,False,True,True
cell_1592,TGCTTCTGTATCTTAA,NA,NA,NA,TRGV3*01,CATWDTDYKKLF,TRGJ1*02|TRGJ2*01,SRR22007520,Bukhari,Bukhari,NA,True,True,False,True,True
cell_1593,TGGCCAGTGTATCTTA,NA,NA,NA,TRGV9*01,CALWDRELGKKIKVF,TRGJP*01,SRR22007520,Bukhari,Bukhari,NA,True,True,False,True,True
cell_1594,TGTCCAATGTATCTTA,NA,NA,NA,TRGV2*01,CATWDGPNYYKKLF,TRGJ1*02|TRGJ2*01,SRR22007520,Bukhari,Bukhari,NA,True,True,False,True,True
cell_1595,GTTTCTTTGTCCAGTG,NA,NA,NA,TRGV3*01,CATWDRILNYYKKLF,TRGJ1*02|TRGJ2*01,SRR22007523,Bukhari,Bukhari,NA,True,True,False,True,True
cell_1596,CCGTGTCTCACAGGTT,NA,NA,NA,TRGV1*01,CATWDRPTDYYKKLF,TRGJ1*02|TRGJ2*01,SRR22007524,Bukhari,Bukhari,NA,True,True,False,True,True
cell_1597,AACTCTTCAGGTGGAT,NA,NA,NA,TRGV10*02,CAAWDRDKKLF,TRGJ1*01,SRR22007525,Bukhari,Bukhari,NA,True,True,False,True,True
cell_1598,ACATGGTGTTCCCCTC,NA,NA,NA,TRGV2*03,CATWGNYYKKLF,TRGJ1*01,SRR22007525,Bukhari,Bukhari,NA,True,True,False,True,True
cell_1599,ACTACGGTGACATCTG,NA,NA,NA,TRGV4*01,CATWDVDYYKKLF,TRGJ1*02|TRGJ2*01,SRR22007525,Bukhari,Bukhari,NA,True,True,False,True,True
cell_1600,CACCTTGAGCCAACAG,NA,NA,NA,TRGV2*01,CATWDEHSDWIKTF,TRGJP2*01,SRR22007525,Bukhari,Bukhari,NA,True,True,False,True,True
cell_1601,CACCTTGCCAATGTAT,NA,NA,NA,TRGV3*01,CATWDSYYKKLF,TRGJ1*01,SRR22007525,Bukhari,Bukhari,NA,True,True,False,True,True
cell_1602,CAGCTAAATTTCATGT,NA,NA,NA,TRGV2*01,CATWDGHYYKKLF,TRGJ1*02|TRGJ2*01,SRR22007525,Bukhari,Bukhari,NA,True,True,False,True,True
cell_1603,CAGCTAATGTATCTTA,NA,NA,NA,TRGV10*02,CAAWDSHTTGWFKIF,TRGJP1*01,SRR22007525,Bukhari,Bukhari,NA,True,True,False,True,True
cell_1604,CATCCACTGTGGTGAC,NA,NA,NA,TRGV1*01,CATWDMGPRDYYKKLF,TRGJ1*01,SRR22007525,Bukhari,Bukhari,NA,True,True,False,True,True
cell_1605,CCCATACGTCCGTGAC,NA,NA,NA,TRGV9*01,CALWEVYYKKLF,TRGJ1*01,SRR22007525,Bukhari,Bukhari,NA,True,True,False,True,True
cell_1606,CCCTCCTGGGATCCCA,NA,NA,NA,TRGV9*01,CALWEVYYKKLF,TRGJ1*02|TRGJ2*01,SRR22007525,Bukhari,Bukhari,NA,True,True,False,True,True
cell_1607,CGAGCCAATGTATCTT,NA,NA,NA,TRGV2*01,CATKVYYYKKLF,TRGJ1*02|TRGJ2*01,SRR22007525,Bukhari,Bukhari,NA,True,True,False,True,True
cell_1608,CGCCAGTGTATCTTAA,NA,NA,NA,TRGV10*02,CAAWDSQTQKLF,TRGJ1*02|TRGJ2*01,SRR22007525,Bukhari,Bukhari,NA,True,True,False,True,True
cell_1609,GAAGCAGTCGGTCCGA,NA,NA,NA,TRGV9*01,CALWEARANYYKKLF,TRGJ1*01,SRR22007525,Bukhari,Bukhari,NA,True,True,False,True,True
cell_1610,GAGTCCGCTTTATAGA,NA,NA,NA,TRGV3*01,CATWDRRGYKKLF,TRGJ1*01,SRR22007525,Bukhari,Bukhari,NA,True,True,False,True,True
cell_1611,GCCAATGTATCTTAAT,NA,NA,NA,TRGV10*02,CAAWYYKKLF,TRGJ1*02|TRGJ2*01,SRR22007525,Bukhari,Bukhari,NA,True,True,False,True,True
cell_1612,GGGAATGAGTAGGCCA,TRDV2*01,CACDRLGDSLTDKLIF,TRDJ1*01,NA,NA,NA,SRR22007525,Bukhari,Bukhari,True,NA,True,True,False,True
cell_1613,GGGATGAAATTTCTCA,NA,NA,NA,TRGV2*01,CATCPSTVMEDYYKKLF,TRGJ1*01,SRR22007525,Bukhari,Bukhari,NA,True,True,False,True,True
cell_1614,TACCTTATGTATCTTA,NA,NA,NA,TRGV5P*02,CATWGGGSKKLF,TRGJ1*01,SRR22007525,Bukhari,Bukhari,NA,True,True,False,True,True
cell_1615,TCAGCTCTTCTTTTCT,NA,NA,NA,TRGV5P*01,CATWGNYYKKLF,TRGJ1*02|TRGJ2*01,SRR22007525,Bukhari,Bukhari,NA,True,True,False,True,True
cell_1616,TGCACCTTCGAGCCCA,NA,NA,NA,TRGV4*01,CATWDVDYYKKLF,TRGJ1*01,SRR22007525,Bukhari,Bukhari,NA,True,True,False,True,True
cell_1617,TGCCCATGTATCTTAA,NA,NA,NA,TRGV2*01,CATWDGRGASSDWIKTF,TRGJP2*01,SRR22007525,Bukhari,Bukhari,NA,True,True,False,True,True
cell_1618,TTGCCGTATGTATCTT,NA,NA,NA,TRGV10*01,CAATWIKTF,TRGJP2*01,SRR22007525,Bukhari,Bukhari,NA,True,True,False,True,True
cell_1619,TTGCCGTTTTTATTAT,NA,NA,NA,TRGV5P*02,CATWGNYYKKLF,TRGJ1*02|TRGJ2*01,SRR22007525,Bukhari,Bukhari,NA,True,True,False,True,True
cell_1620,TTTATGCTCTTTTATG,NA,NA,NA,TRGV2*03,CATWDGHYYKKLF,TRGJ1*01,SRR22007525,Bukhari,Bukhari,NA,True,True,False,True,True
cell_1621,AAATGCCGTAGCTAAA,NA,NA,NA,TRGV9*01,CALWEAPYYKKLF,TRGJ1*01,SRR22007526,Bukhari,Bukhari,NA,True,True,False,True,True
cell_1622,AACTCTTCAGGTGGAT,NA,NA,NA,TRGV10*02,CAAWDRDKKLF,TRGJ1*01,SRR22007526,Bukhari,Bukhari,NA,True,True,False,True,True
cell_1623,ACATCAGTCGGAGGTA,TRDV2*01,CACDTAYLGTTDKLIF,TRDJ1*01,NA,NA,NA,SRR22007526,Bukhari,Bukhari,True,NA,True,True,False,True
cell_1624,ACATGGTGTTCCCCTC,NA,NA,NA,TRGV3*01,CATWDRRGYKKLF,TRGJ1*02|TRGJ2*01,SRR22007526,Bukhari,Bukhari,NA,True,True,False,True,True
cell_1625,AGCCAATGTATCTTAA,NA,NA,NA,TRGV2*03,CATWGNYYKKLF,TRGJ1*01,SRR22007526,Bukhari,Bukhari,NA,True,True,False,True,True
cell_1626,CACAACCACCGAATTT,NA,NA,NA,TRGV3*01,CATWDRRGYKKLF,TRGJ1*01,SRR22007526,Bukhari,Bukhari,NA,True,True,False,True,True
cell_1627,CACCTTGAGCCAACAG,NA,NA,NA,TRGV2*01,CATWDEHSDWIKTF,TRGJP2*01,SRR22007526,Bukhari,Bukhari,NA,True,True,False,True,True
cell_1628,CAGCAGCAGGTCATCT,TRDV2*01,CACDPVLASWDTRQMFF,TRDJ3*01,NA,NA,NA,SRR22007526,Bukhari,Bukhari,True,NA,True,True,False,True
cell_1629,CAGCTGGGTCTGATCA,NA,NA,NA,TRGV9*01,CALWEVYYKKLF,TRGJ1*01,SRR22007526,Bukhari,Bukhari,NA,True,True,False,True,True
cell_1630,CATCTACCAATCCAAC,NA,NA,NA,TRGV10*02,CAAWDSHTTGWFKIF,TRGJP1*01,SRR22007526,Bukhari,Bukhari,NA,True,True,False,True,True
cell_1631,CATGCCTGACGATACA,NA,NA,NA,TRGV2*01,CATWDGNSYYKKLF,TRGJ1*02|TRGJ2*01,SRR22007526,Bukhari,Bukhari,NA,True,True,False,True,True
cell_1632,CATTATCTCGTTGACA,NA,NA,NA,TRGV3*01,CATWESSNYYKKLF,TRGJ1*01,SRR22007526,Bukhari,Bukhari,NA,True,True,False,True,True
cell_1633,CCACGGATCTCTAAGG,NA,NA,NA,TRGV4*01,CATWDVDYYKKLF,TRGJ1*01,SRR22007526,Bukhari,Bukhari,NA,True,True,False,True,True
cell_1634,CCCTCCTGGGATCCCA,NA,NA,NA,TRGV9*01,CALWQAFYKKLF,TRGJ1*02|TRGJ2*01,SRR22007526,Bukhari,Bukhari,NA,True,True,False,True,True
cell_1635,CCTATTATCCATGAGT,NA,NA,NA,TRGV9*01,CALWGAWMGKKIKVF,TRGJP*01,SRR22007526,Bukhari,Bukhari,NA,True,True,False,True,True
cell_1636,CGTCAGGGTCATTAGC,NA,NA,NA,TRGV9*01,CALWEVREGLGKKIKVF,TRGJP*01,SRR22007526,Bukhari,Bukhari,NA,True,True,False,True,True
cell_1637,CGTGCCAATGTATCTT,NA,NA,NA,TRGV10*02,CAAWDRGDSVYYKKLF,TRGJ1*01,SRR22007526,Bukhari,Bukhari,NA,True,True,False,True,True
cell_1638,CTAGTGAGTAAGTAGT,NA,NA,NA,TRGV2*02,CATWDEHSDWIKTF,TRGJP2*01,SRR22007526,Bukhari,Bukhari,NA,True,True,False,True,True
cell_1639,CTATCTAAGAACCCGA,NA,NA,NA,TRGV2*01,CATWDGPHYYKKLF,TRGJ1*01,SRR22007526,Bukhari,Bukhari,NA,True,True,False,True,True
cell_1640,CTGCCTATGTATCTTA,NA,NA,NA,TRGV4*02,CATWDYKKLF,TRGJ1*02|TRGJ2*01,SRR22007526,Bukhari,Bukhari,NA,True,True,False,True,True
cell_1641,GACGGCTTCCTGCTTG,NA,NA,NA,TRGV3*01,CATWDSIGVWIKTF,TRGJP2*01,SRR22007526,Bukhari,Bukhari,NA,True,True,False,True,True
cell_1642,GATGAGGGTACAGTTC,NA,NA,NA,TRGV9*01,CALCLYYKKLF,TRGJ1*01,SRR22007526,Bukhari,Bukhari,NA,True,True,False,True,True
cell_1643,GCCTCTGTATCTTAAT,NA,NA,NA,TRGV10*02,CAAWDYTRALGYKKLF,TRGJ1*01,SRR22007526,Bukhari,Bukhari,NA,True,True,False,True,True
cell_1644,GCGGGTTCAGACAGGT,NA,NA,NA,TRGV4*01,CATWDGGDWIKTF,TRGJP2*01,SRR22007526,Bukhari,Bukhari,NA,True,True,False,True,True
cell_1645,GGGAATGAGTAGGCCA,TRDV2*03,CTCDRLGDSLTDKLIF,TRDJ1*01,NA,NA,NA,SRR22007526,Bukhari,Bukhari,True,NA,True,True,False,True
cell_1646,GGGTTGCAGCCACGCT,NA,NA,NA,TRGV9*01,CALWEVYYKKLF,TRGJ1*02|TRGJ2*01,SRR22007526,Bukhari,Bukhari,NA,True,True,False,True,True
cell_1647,GTCCTCATGTCTGACG,NA,NA,NA,TRGV5P*01,CATWGNYYKKLF,TRGJ1*02|TRGJ2*01,SRR22007526,Bukhari,Bukhari,NA,True,True,False,True,True
cell_1648,GTCTCTATTGGAGGAA,NA,NA,NA,TRGV3*01,CATWDRHRYYKKLF,TRGJ1*01,SRR22007526,Bukhari,Bukhari,NA,True,True,False,True,True
cell_1649,TACCTTATGTATCTTA,NA,NA,NA,TRGV5P*02,CATWGGGSKKLF,TRGJ1*01,SRR22007526,Bukhari,Bukhari,NA,True,True,False,True,True
cell_1650,TCGCGTTGCTCTTCTT,NA,NA,NA,TRGV2*01,CATWDGRAKLF,TRGJ1*01,SRR22007526,Bukhari,Bukhari,NA,True,True,False,True,True
cell_1651,TCTTTCCAATGTATCT,NA,NA,NA,TRGV2*03,CATWDGHYYKKLF,TRGJ1*02|TRGJ2*01,SRR22007526,Bukhari,Bukhari,NA,True,True,False,True,True
cell_1652,TGACTTTGTATCTTAA,NA,NA,NA,TRGV10*02,CAAWDLDYYKKLF,TRGJ1*01,SRR22007526,Bukhari,Bukhari,NA,True,True,False,True,True
cell_1653,TGCCAATGTATCTTAA,NA,NA,NA,TRGV2*01,CATWDGRGASSDWIKTF,TRGJP2*01,SRR22007526,Bukhari,Bukhari,NA,True,True,False,True,True
cell_1654,TGCCCATGTATCTTAA,NA,NA,NA,TRGV2*03,CATWDGRGASSDWIKTF,TRGJP2*01,SRR22007526,Bukhari,Bukhari,NA,True,True,False,True,True
cell_1655,TGCTAATGTATCTTAA,NA,NA,NA,TRGV8*01,CATWERTLKKLF,TRGJ1*01,SRR22007526,Bukhari,Bukhari,NA,True,True,False,True,True
cell_1656,TGCTGCTGTATCTTAA,NA,NA,NA,TRGV1*01,CATWEFAFYYKKLF,TRGJ1*02|TRGJ2*01,SRR22007526,Bukhari,Bukhari,NA,True,True,False,True,True
cell_1657,TTGCCGTATGTATCTT,NA,NA,NA,TRGV10*01,CAATWIKTF,TRGJP2*01,SRR22007526,Bukhari,Bukhari,NA,True,True,False,True,True
cell_1658,TTTATGCTCTTTTATG,NA,NA,NA,TRGV2*03,CATWDGHYYKKLF,TRGJ1*01,SRR22007526,Bukhari,Bukhari,NA,True,True,False,True,True
cell_1659,GGGAGATGTATATGAG,NA,NA,NA,TRGV2*01,CATWDGRSYYKKLF,TRGJ1*01,SRR22007527,Bukhari,Bukhari,NA,True,True,False,True,True
cell_1660,GTAGTCAGTTCTGAAC,TRDV2*01,CDTAGGYSTTDKLIF,TRDJ1*01,NA,NA,NA,SRR22007527,Bukhari,Bukhari,True,NA,True,True,False,True
cell_1661,GTGTTCTTTGTACAGT,NA,NA,NA,TRGV10*02,CAAWDLKKLF,TRGJ1*01,SRR22007527,Bukhari,Bukhari,NA,True,True,False,True,True
cell_1662,GTCGTAAAGAAGGACA,NA,NA,NA,TRGV3*01,CAHGENYYKKLF,TRGJ1*01,SRR22007528,Bukhari,Bukhari,NA,True,True,False,True,True
cell_1663,TAGCCGGTGTATCTTA,NA,NA,NA,TRGV4*01,CATWDANYYKKLF,TRGJ1*02|TRGJ2*01,SRR22007528,Bukhari,Bukhari,NA,True,True,False,True,True
